brimr_institution,brimr_usd,this_pipeline_usd,difference_usd,pct_difference,agrees_to_the_dollar
DUKE UNIVERSITY,47242788.0,47258163.0,15375.0,0.0325,False
WASHINGTON UNIVERSITY ST LOUIS,31820064.0,31820064.0,0.0,0.0,True
UNIVERSITY OF CALIFORNIA SAN FRANCISCO,27918696.0,27918696.0,0.0,0.0,True
UNIVERSITY OF PENNSYLVANIA,25633242.0,25231393.0,-401849.0,1.5677,False
UNIVERSITY OF MICHIGAN ANN ARBOR,22056449.0,22045654.0,-10795.0,0.0489,False
UNIVERSITY OF PITTSBURGH,19863043.0,19224779.0,-638264.0,3.2133,False
NEW YORK UNIVERSITY SCHOOL OF MEDICINE,18925145.0,19001796.0,76651.0,0.405,False
STANFORD UNIVERSITY,17940324.0,17940324.0,0.0,0.0,True
OHIO STATE UNIVERSITY,17073535.0,17455308.0,381773.0,2.2361,False
UNIVERSITY OF MINNESOTA,16514952.0,16514952.0,0.0,0.0,True
NORTHWESTERN UNIVERSITY CHICAGO,15095777.0,17572168.0,2476391.0,16.4045,False
UNIVERSITY OF FLORIDA,14622814.0,14053656.0,-569158.0,3.8923,False
VANDERBILT UNIVERSITY,14408389.0,336630.0,-14071759.0,97.6637,False
UNIVERSITY OF WISCONSIN MADISON,13919124.0,14609829.0,690705.0,4.9623,False
UNIVERSITY OF VIRGINIA,13474054.0,13474054.0,0.0,0.0,True
JOHNS HOPKINS UNIVERSITY,12290262.0,12290262.0,0.0,0.0,True
COLUMBIA UNIVERSITY HEALTH SCIENCES,11205970.0,11205970.0,0.0,0.0,True
UNIVERSITY OF MIAMI SCHOOL OF MEDICINE,10803352.0,10803352.0,0.0,0.0,True
BAYLOR COLLEGE OF MEDICINE,10127084.0,10127084.0,0.0,0.0,True
CORNELL UNIVERSITY WEILL MEDICAL COLLEGE,10000633.0,10000633.0,0.0,0.0,True
UNIVERSITY OF CALIFORNIA DAVIS,9967693.0,9967693.0,0.0,0.0,True
UNIVERSITY OF ROCHESTER,9273361.0,9273361.0,0.0,0.0,True
UNIVERSITY OF CALIFORNIA SAN DIEGO,9176097.0,9176097.0,0.0,0.0,True
EMORY UNIVERSITY,8957212.0,8952966.0,-4246.0,0.0474,False
UNIVERSITY OF COLORADO DENVER,8743412.0,7820184.0,-923228.0,10.5591,False
UNIVERSITY OF NORTH CAROLINA CHAPEL HILL,7865510.0,7865510.0,0.0,0.0,True
UNIVERSITY OF ALABAMA BIRMINGHAM,7373814.0,7209953.0,-163861.0,2.2222,False
UNIVERSITY OF CALIFORNIA LOS ANGELES,7314362.0,7314362.0,0.0,0.0,True
"RUTGERS, THE STATE UNIVERSITY OF NEW JERSEY",7245955.0,7245955.0,0.0,0.0,True
YALE UNIVERSITY,7186406.0,6428703.0,-757703.0,10.5436,False
UNIVERSITY OF MARYLAND BALTIMORE,7101835.0,7101835.0,0.0,0.0,True
INDIANA UNIVERSITY,6633379.0,6633379.0,0.0,0.0,True
UNIVERSITY OF LOUISVILLE,6389714.0,6389714.0,0.0,0.0,True
UNIVERSITY OF KENTUCKY,6108091.0,6509940.0,401849.0,6.579,False
MEDICAL UNIVERSITY OF SOUTH CAROLINA,5152813.0,5156321.0,3508.0,0.0681,False
UNIVERSITY OF TEXAS SOUTHWESTERN DALLAS,5144776.0,5144776.0,0.0,0.0,True
UNIVERSITY OF ARIZONA,4684824.0,4684824.0,0.0,0.0,True
UNIVERSITY OF UTAH,4494850.0,4494850.0,0.0,0.0,True
UNIVERSITY OF CALIFORNIA IRVINE,4175298.0,4175298.0,0.0,0.0,True
UNIVERSITY OF SOUTHERN CALIFORNIA,4160961.0,3387794.0,-773167.0,18.5815,False
UNIVERSITY OF CHICAGO,3801904.0,3801904.0,0.0,0.0,True
WAKE FOREST UNIVERSITY HLTH SCIS,3582375.0,3582375.0,0.0,0.0,True
LOYOLA UNIVERSITY CHICAGO,3151820.0,3151820.0,0.0,0.0,True
UNIVERSITY OF OKLAHOMA HLTH SCIS CTR,3107031.0,3107031.0,0.0,0.0,True
UNIVERSITY OF SOUTH FLORIDA,3015110.0,3015110.0,0.0,0.0,True
UNIVERSITY OF TENNESSEE HLTH SCI CTR,3010432.0,3010432.0,0.0,0.0,True
VIRGINIA COMMONWEALTH UNIVERSITY,2599927.0,2599927.0,0.0,0.0,True
UNIVERSITY OF MISSOURI COLUMBIA,2552689.0,2552689.0,0.0,0.0,True
MEDICAL COLLEGE OF WISCONSIN,2422755.0,2422755.0,0.0,0.0,True
PENNSYLVANIA STATE UNIV MED CTR HERSHEY,2251569.0,2251569.0,0.0,0.0,True
UNIVERSITY OF WASHINGTON SEATTLE,2227786.0,2227786.0,0.0,0.0,True
BOSTON UNIVERSITY MEDICAL CAMPUS,1995084.0,1995084.0,0.0,0.0,True
UNIVERSITY OF VERMONT,1793684.0,1793684.0,0.0,0.0,True
EAST TENNESSEE STATE UNIVERSITY,1777865.0,1777865.0,0.0,0.0,True
UNIVERSITY OF TEXAS  AUSTIN,1756926.0,2142597.0,385671.0,21.9515,False
CASE WESTERN RESERVE U & CLEVELAND CLINIC LERNER COM,1615066.0,1615066.0,0.0,0.0,True
UNIVERSITY OF NEBRASKA MEDICAL CENTER,1515785.0,1515785.0,0.0,0.0,True
UNIVERSITY OF CINCINNATI,1340506.0,1340506.0,0.0,0.0,True
MOUNT SINAI ICAHN SCHOOL OF MEDICINE,1134924.0,1892627.0,757703.0,66.7624,False
UNIVERSITY OF ILLINOIS CHICAGO,1129762.0,1129762.0,0.0,0.0,True
UNIVERSITY OF CONNECTICUT SCH OF MED/DNT,1115870.0,1115870.0,0.0,0.0,True
UNIVERSITY OF IOWA,839012.0,839012.0,0.0,0.0,True
FLORIDA INTERNATIONAL UNIVERSITY,709718.0,709718.0,0.0,0.0,True
HARVARD MEDICAL SCHOOL,598515.0,598515.0,0.0,0.0,True
UNIVERSITY OF TEXAS MED BR GALVESTON,598164.0,598164.0,0.0,0.0,True
BROWN UNIVERSITY,534680.0,534680.0,0.0,0.0,True
STATE UNIVERSITY OF NEW YORK BUFFALO,451657.0,451657.0,0.0,0.0,True
EAST CAROLINA UNIVERSITY,376814.0,376814.0,0.0,0.0,True
THOMAS JEFFERSON UNIVERSITY,355376.0,355376.0,0.0,0.0,True
OREGON HEALTH & SCIENCE UNIVERSITY,354852.0,354852.0,0.0,0.0,True
UNIVERSITY OF TEXAS HLTH SCI CTR HOUSTON,344202.0,344202.0,0.0,0.0,True
TEXAS TECH UNIVERSITY HSC LUBBOCK,196454.0,196454.0,0.0,0.0,True
ALBANY MEDICAL COLLEGE,174988.0,174988.0,0.0,0.0,True
UNIVERSITY OF MASSACHUSETTS MED SCH WORCESTER,163058.0,163058.0,0.0,0.0,True
