period,entity,nih_org_dept,total_funding,award_years,distinct_projects,r01_funding,r01_award_years,r01_distinct_projects,m_award_years,m_distinct_projects,funded_investigators
FY2025,MGH,ANESTHESIOLOGY,29412996.0,44,40,16287364.0,21,17,0,0,25
FY2025,MGH,BIOSTATISTICS & OTHER MATH SCI,2065270.0,3,3,419114.0,1,1,0,0,2
FY2025,MGH,DERMATOLOGY,12171131.0,21,21,7050863.0,13,13,0,0,10
FY2025,MGH,EMERGENCY MEDICINE,6968020.0,8,8,5261923.0,4,4,0,0,6
FY2025,MGH,INTERNAL MEDICINE/MEDICINE,135063718.0,263,237,78465083.0,123,110,0,0,171
FY2025,MGH,NEUROLOGY,117703464.0,118,101,35213066.0,54,51,0,0,83
FY2025,MGH,NEUROSURGERY,6444827.0,12,12,4511842.0,8,8,0,0,9
FY2025,MGH,OBSTETRICS & GYNECOLOGY,15665394.0,8,8,8519498.0,6,6,0,0,5
FY2025,MGH,ORTHOPEDICS,1015816.0,3,3,936360.0,2,2,0,0,2
FY2025,MGH,OTHER BASIC SCIENCES,35011863.0,55,54,21596369.0,32,31,0,0,41
FY2025,MGH,PATHOLOGY,15239292.0,23,23,7604425.0,12,12,0,0,13
FY2025,MGH,PEDIATRICS,7166988.0,18,17,5620409.0,10,10,0,0,13
FY2025,MGH,PSYCHIATRY,56340629.0,112,106,28764647.0,41,38,0,0,79
FY2025,MGH,PUBLIC HEALTH & PREV MEDICINE,4958705.0,11,9,2488944.0,5,4,0,0,6
FY2025,MGH,RADIATION-DIAGNOSTIC/ONCOLOGY,84487061.0,135,133,48437102.0,72,71,0,0,90
FY2025,MGH,SURGERY,34603957.0,45,43,13391852.0,24,23,0,0,32
FY2025,BWH,ANESTHESIOLOGY,7262945.0,15,15,3624209.0,5,5,0,0,12
FY2025,BWH,DERMATOLOGY,10907414.0,17,17,5365902.0,7,7,0,0,13
FY2025,BWH,EMERGENCY MEDICINE,1178627.0,4,4,709358.0,1,1,0,0,4
FY2025,BWH,INTERNAL MEDICINE/MEDICINE,197363922.0,315,300,121421060.0,174,171,0,0,202
FY2025,BWH,NEUROLOGY,41315578.0,53,53,26329682.0,31,31,0,0,35
FY2025,BWH,NEUROSURGERY,3341141.0,7,7,3341141.0,7,7,0,0,4
FY2025,BWH,OBSTETRICS & GYNECOLOGY,2724365.0,5,5,1834516.0,3,3,0,0,4
FY2025,BWH,ORTHOPEDICS,4996733.0,8,7,4822188.0,7,6,0,0,3
FY2025,BWH,OTHER BASIC SCIENCES,13245426.0,23,23,9439556.0,14,14,0,0,9
FY2025,BWH,PATHOLOGY,22568434.0,31,31,12250455.0,19,19,0,0,20
FY2025,BWH,PEDIATRICS,4068407.0,10,8,3502804.0,6,5,0,0,7
FY2025,BWH,PLASTIC SURGERY,1730870.0,2,2,1730870.0,2,2,0,0,2
FY2025,BWH,PSYCHIATRY,14489087.0,14,13,5393254.0,7,7,0,0,12
FY2025,BWH,PUBLIC HEALTH & PREV MEDICINE,5638177.0,7,7,1142326.0,2,2,0,0,6
FY2025,BWH,RADIATION-DIAGNOSTIC/ONCOLOGY,19067770.0,30,30,16383645.0,21,21,0,0,26
FY2025,BWH,SURGERY,20101698.0,20,17,5781777.0,9,9,0,0,14
FY2025,BWH,UROLOGY,1526878.0,3,3,818926.0,2,2,0,0,2
FY2025,IPF10040927,ANESTHESIOLOGY,10757982.0,20,19,6250365.0,11,11,0,0,14
FY2025,IPF10040927,BIOSTATISTICS & OTHER MATH SCI,95967350.0,16,11,4369386.0,6,6,0,0,5
FY2025,IPF10040927,DERMATOLOGY,1488370.0,2,2,1488370.0,2,2,0,0,2
FY2025,IPF10040927,EMERGENCY MEDICINE,21512819.0,7,7,2448459.0,2,2,0,0,5
FY2025,IPF10040927,INTERNAL MEDICINE/MEDICINE,173113345.0,232,216,80550518.0,111,107,0,0,149
FY2025,IPF10040927,NEUROLOGY,13746660.0,17,17,7258492.0,8,8,0,0,13
FY2025,IPF10040927,NEUROSURGERY,943692.0,4,3,672613.0,2,1,0,0,3
FY2025,IPF10040927,OBSTETRICS & GYNECOLOGY,680825.0,2,2,537479.0,1,1,0,0,2
FY2025,IPF10040927,OPHTHALMOLOGY,3771212.0,8,8,2381851.0,5,5,0,0,7
FY2025,IPF10040927,ORTHOPEDICS,2586074.0,5,5,2343585.0,4,4,0,0,5
FY2025,IPF10040927,OTHER BASIC SCIENCES,16696921.0,10,10,3811664.0,6,6,0,0,9
FY2025,IPF10040927,OTHER HEALTH PROFESSIONS,525000.0,1,1,0.0,0,0,0,0,1
FY2025,IPF10040927,OTOLARYNGOLOGY,5408234.0,17,17,2976260.0,6,6,0,0,11
FY2025,IPF10040927,PATHOLOGY,17004417.0,31,30,12618595.0,23,22,0,0,16
FY2025,IPF10040927,PEDIATRICS,27029638.0,40,37,10391484.0,17,15,0,0,28
FY2025,IPF10040927,PSYCHIATRY,6787091.0,14,14,4967363.0,7,7,0,0,12
FY2025,IPF10040927,PUBLIC HEALTH & PREV MEDICINE,2107956.0,6,5,569181.0,2,1,0,0,4
FY2025,IPF10040927,RADIATION-DIAGNOSTIC/ONCOLOGY,13470112.0,24,22,6976448.0,14,13,0,0,14
FY2025,IPF10040927,SURGERY,10858628.0,19,18,7684531.0,10,10,0,0,14
FY2025,IPF10040927,UROLOGY,2007457.0,2,2,397233.0,1,1,0,0,2
FY2025,IPF10068583,BIOSTATISTICS & OTHER MATH SCI,1525597.0,6,6,0.0,0,0,0,0,6
FY2025,IPF10068583,INTERNAL MEDICINE/MEDICINE,186213340.0,66,55,25167299.0,31,30,0,0,42
FY2025,IPF10068583,NEUROLOGY,514273.0,1,1,514273.0,1,1,0,0,1
FY2025,IPF10068583,NEUROSURGERY,1212780.0,3,1,0.0,0,0,0,0,1
FY2025,IPF10068583,OTHER BASIC SCIENCES,4287102.0,6,6,1215810.0,2,2,0,0,5
FY2025,IPF10068583,PEDIATRICS,3259534.0,4,4,701179.0,1,1,0,0,3
FY2025,IPF10068583,PUBLIC HEALTH & PREV MEDICINE,96958301.0,96,86,31979921.0,45,45,0,0,61
FY2025,IPF10068583,RADIATION-DIAGNOSTIC/ONCOLOGY,140854.0,1,1,0.0,0,0,0,0,1
FY2025,IPF4976101,ANESTHESIOLOGY,2353731.0,6,6,1858460.0,3,3,0,0,5
FY2025,IPF4976101,BIOSTATISTICS & OTHER MATH SCI,8206038.0,2,2,0.0,0,0,0,0,2
FY2025,IPF4976101,INTERNAL MEDICINE/MEDICINE,85300043.0,148,143,50422643.0,81,81,0,0,98
FY2025,IPF4976101,NEUROLOGY,34496586.0,30,26,7873961.0,14,14,0,0,22
FY2025,IPF4976101,NEUROSURGERY,1955816.0,3,3,525455.0,1,1,0,0,2
FY2025,IPF4976101,OBSTETRICS & GYNECOLOGY,1960810.0,2,2,0.0,0,0,0,0,2
FY2025,IPF4976101,OPHTHALMOLOGY,223062.0,2,2,0.0,0,0,0,0,1
FY2025,IPF4976101,ORTHOPEDICS,8809447.0,13,13,4099779.0,8,8,0,0,11
FY2025,IPF4976101,OTHER BASIC SCIENCES,34127039.0,71,71,24374904.0,45,45,0,0,48
FY2025,IPF4976101,OTHER HEALTH PROFESSIONS,163332.0,1,1,0.0,0,0,0,0,1
FY2025,IPF4976101,PATHOLOGY,29819541.0,15,15,1244947.0,4,4,0,0,14
FY2025,IPF4976101,PEDIATRICS,1271378.0,3,3,1183496.0,2,2,0,0,3
FY2025,IPF4976101,PHYSICAL MEDICINE & REHAB,7597400.0,4,4,2552450.0,2,2,0,0,2
FY2025,IPF4976101,PSYCHIATRY,3639158.0,6,6,3436433.0,5,5,0,0,5
FY2025,IPF4976101,PUBLIC HEALTH & PREV MEDICINE,4744562.0,6,6,1775966.0,3,3,0,0,5
FY2025,IPF4976101,RADIATION-DIAGNOSTIC/ONCOLOGY,31623829.0,47,46,23149975.0,38,38,0,0,29
FY2025,IPF4976101,SURGERY,3244021.0,5,5,2309194.0,4,4,0,0,4
FY2025,IPF4976101,UROLOGY,203676.0,1,1,0.0,0,0,0,0,1
FY2025,IPF1504801,ANESTHESIOLOGY,3950619.0,10,9,1343178.0,3,3,0,0,7
FY2025,IPF1504801,BIOSTATISTICS & OTHER MATH SCI,3409133.0,4,4,354000.0,1,1,0,0,1
FY2025,IPF1504801,EMERGENCY MEDICINE,2696671.0,2,2,1701059.0,1,1,0,0,2
FY2025,IPF1504801,INTERNAL MEDICINE/MEDICINE,71478202.0,118,114,45972816.0,66,66,0,0,72
FY2025,IPF1504801,NEUROLOGY,20105404.0,35,31,9224362.0,17,14,0,0,23
FY2025,IPF1504801,NEUROSURGERY,515889.0,1,1,515889.0,1,1,0,0,1
FY2025,IPF1504801,OPHTHALMOLOGY,2802625.0,6,6,2525428.0,5,5,0,0,5
FY2025,IPF1504801,ORTHOPEDICS,3305261.0,4,4,534195.0,1,1,0,0,2
FY2025,IPF1504801,OTHER BASIC SCIENCES,24384055.0,42,41,18147896.0,26,25,0,0,27
FY2025,IPF1504801,OTOLARYNGOLOGY,2806064.0,6,5,2673359.0,5,4,0,0,3
FY2025,IPF1504801,PATHOLOGY,4158482.0,12,10,3227921.0,7,5,0,0,9
FY2025,IPF1504801,PEDIATRICS,28085048.0,50,49,9914471.0,15,15,0,0,38
FY2025,IPF1504801,PLASTIC SURGERY,280007.0,1,1,0.0,0,0,0,0,1
FY2025,IPF1504801,PSYCHIATRY,3867041.0,5,4,3849186.0,4,3,0,0,4
FY2025,IPF1504801,RADIATION-DIAGNOSTIC/ONCOLOGY,11253471.0,16,16,8099210.0,14,14,0,0,7
FY2025,IPF1504801,SURGERY,16371225.0,30,30,13445187.0,20,20,0,0,16
FY2025,IPF1504801,UROLOGY,5548491.0,6,6,4204447.0,5,5,0,0,3
FY2025,IPF5079202,DERMATOLOGY,936865.0,4,2,605144.0,2,1,0,0,1
FY2025,IPF5079202,INTERNAL MEDICINE/MEDICINE,59050367.0,92,87,30863084.0,47,45,0,0,65
FY2025,IPF5079202,NEUROLOGY,1747029.0,3,3,1206174.0,2,2,0,0,3
FY2025,IPF5079202,NEUROSURGERY,648551.0,1,1,648551.0,1,1,0,0,1
FY2025,IPF5079202,OTHER BASIC SCIENCES,58561148.0,86,86,36238376.0,53,53,0,0,55
FY2025,IPF5079202,PATHOLOGY,5471744.0,6,6,3562239.0,2,2,0,0,4
FY2025,IPF5079202,PEDIATRICS,1720148.0,3,3,744198.0,1,1,0,0,3
FY2025,IPF5079202,PLASTIC SURGERY,2298314.0,4,4,1264356.0,2,2,0,0,3
FY2025,IPF5079202,PSYCHIATRY,7037487.0,12,12,3935534.0,5,5,0,0,10
FY2025,IPF5079202,PUBLIC HEALTH & PREV MEDICINE,4941940.0,11,10,2608663.0,5,4,0,0,8
FY2025,IPF5079202,RADIATION-DIAGNOSTIC/ONCOLOGY,14729470.0,25,23,9877907.0,15,14,0,0,13
FY2025,IPF5079202,SURGERY,22504115.0,12,12,3966645.0,6,6,0,0,11
FY2025,IPF5079202,UROLOGY,1920714.0,5,5,979928.0,2,2,0,0,5
FY2025,IPF615001,ANESTHESIOLOGY,1735988.0,5,5,906307.0,2,2,0,0,4
FY2025,IPF615001,EMERGENCY MEDICINE,1211396.0,3,3,778394.0,1,1,0,0,3
FY2025,IPF615001,INTERNAL MEDICINE/MEDICINE,68295334.0,112,103,36528702.0,57,55,0,0,75
FY2025,IPF615001,NEUROLOGY,1067962.0,2,2,579294.0,1,1,0,0,2
FY2025,IPF615001,NEUROSURGERY,930051.0,2,2,550588.0,1,1,0,0,2
FY2025,IPF615001,OPHTHALMOLOGY,1431150.0,3,3,979900.0,2,2,0,0,3
FY2025,IPF615001,OTHER BASIC SCIENCES,14141681.0,28,28,6022955.0,10,10,0,0,21
FY2025,IPF615001,PEDIATRICS,49758917.0,74,73,34660494.0,51,50,0,0,53
FY2025,IPF615001,PLASTIC SURGERY,2426452.0,4,4,2426452.0,4,4,0,0,2
FY2025,IPF615001,PSYCHIATRY,3278165.0,3,3,1337488.0,2,2,0,0,3
FY2025,IPF615001,PUBLIC HEALTH & PREV MEDICINE,7425589.0,5,5,686392.0,1,1,0,0,4
FY2025,IPF615001,RADIATION-DIAGNOSTIC/ONCOLOGY,642000.0,1,1,0.0,0,0,0,0,1
FY2025,IPF615001,SURGERY,1644935.0,3,3,1644935.0,3,3,0,0,3
FY2025,DFCI,BIOSTATISTICS & OTHER MATH SCI,23589098.0,12,12,4452102.0,7,7,0,0,8
FY2025,DFCI,INTERNAL MEDICINE/MEDICINE,115479230.0,142,135,36117994.0,54,52,0,0,101
FY2025,DFCI,OTHER BASIC SCIENCES,11382127.0,20,20,9304468.0,13,13,0,0,15
FY2025,DFCI,PATHOLOGY,2282968.0,6,6,735574.0,1,1,0,0,5
FY2025,DFCI,PUBLIC HEALTH & PREV MEDICINE,1567905.0,9,2,1298318.0,8,1,0,0,1
FY2025,DFCI,RADIATION-DIAGNOSTIC/ONCOLOGY,4847331.0,10,10,4105350.0,7,7,0,0,6
FY2025,IPF1499101,ANESTHESIOLOGY,6993706.0,16,16,5034707.0,7,7,0,0,13
FY2025,IPF1499101,EMERGENCY MEDICINE,875011.0,2,2,659416.0,1,1,0,0,2
FY2025,IPF1499101,INTERNAL MEDICINE/MEDICINE,48534331.0,88,85,20077141.0,33,32,0,0,65
FY2025,IPF1499101,NEUROLOGY,9808051.0,19,18,2752459.0,4,4,0,0,10
FY2025,IPF1499101,NEUROSURGERY,12241498.0,4,3,0.0,0,0,0,0,1
FY2025,IPF1499101,OPHTHALMOLOGY,259841.0,1,1,0.0,0,0,0,0,1
FY2025,IPF1499101,ORTHOPEDICS,3247667.0,7,7,2473661.0,5,5,0,0,4
FY2025,IPF1499101,OTHER BASIC SCIENCES,16013373.0,24,24,11333066.0,12,12,0,0,19
FY2025,IPF1499101,OTOLARYNGOLOGY,1577169.0,3,3,1398819.0,2,2,0,0,2
FY2025,IPF1499101,PATHOLOGY,14789297.0,23,22,9397590.0,16,15,0,0,17
FY2025,IPF1499101,PEDIATRICS,25260513.0,47,47,14982100.0,22,22,0,0,41
FY2025,IPF1499101,PSYCHIATRY,10061029.0,9,9,4103491.0,6,6,0,0,9
FY2025,IPF1499101,RADIATION-DIAGNOSTIC/ONCOLOGY,9443673.0,16,14,5540002.0,10,8,0,0,9
FY2025,IPF1499101,SURGERY,9440911.0,7,5,1377192.0,2,2,0,0,3
FY2025,IPF1499101,UROLOGY,961240.0,2,2,570212.0,1,1,0,0,2
FY2025,BIDMC,ANESTHESIOLOGY,10158242.0,10,10,8473247.0,8,8,0,0,7
FY2025,BIDMC,EMERGENCY MEDICINE,191193.0,1,1,0.0,0,0,0,0,1
FY2025,BIDMC,INTERNAL MEDICINE/MEDICINE,70038577.0,120,118,50110482.0,78,76,0,0,75
FY2025,BIDMC,NEUROLOGY,24085133.0,24,19,6627744.0,11,10,0,0,17
FY2025,BIDMC,OBSTETRICS & GYNECOLOGY,1932178.0,4,4,1325549.0,2,2,0,0,3
FY2025,BIDMC,ORTHOPEDICS,514021.0,2,2,0.0,0,0,0,0,1
FY2025,BIDMC,OTHER BASIC SCIENCES,8598172.0,5,5,442036.0,1,1,0,0,3
FY2025,BIDMC,PATHOLOGY,10547172.0,18,18,6272032.0,10,10,0,0,16
FY2025,BIDMC,PLASTIC SURGERY,1763999.0,2,2,434000.0,1,1,0,0,1
FY2025,BIDMC,PSYCHIATRY,2053473.0,6,6,1819722.0,4,4,0,0,5
FY2025,BIDMC,SURGERY,5812849.0,10,10,5082913.0,7,7,0,0,7
FY2025,BIDMC,UROLOGY,1122685.0,2,2,1122685.0,2,2,0,0,1
FY2025,IPF1225501,BIOSTATISTICS & OTHER MATH SCI,747626.0,2,2,0.0,0,0,0,0,2
FY2025,IPF1225501,INTERNAL MEDICINE/MEDICINE,52463945.0,74,73,34164112.0,56,56,0,0,51
FY2025,IPF1225501,NEUROLOGY,5189797.0,7,7,2263107.0,4,4,0,0,7
FY2025,IPF1225501,NEUROSURGERY,3135838.0,6,6,1626104.0,4,4,0,0,4
FY2025,IPF1225501,OPHTHALMOLOGY,1645848.0,4,4,1645848.0,4,4,0,0,1
FY2025,IPF1225501,ORTHOPEDICS,501978.0,1,1,501978.0,1,1,0,0,1
FY2025,IPF1225501,OTHER BASIC SCIENCES,3423181.0,7,7,2461443.0,4,4,0,0,4
FY2025,IPF1225501,PATHOLOGY,4658577.0,6,6,4658577.0,6,6,0,0,5
FY2025,IPF1225501,PEDIATRICS,5629853.0,6,6,2388976.0,4,4,0,0,2
FY2025,IPF1225501,RADIATION-DIAGNOSTIC/ONCOLOGY,6206650.0,7,7,4603436.0,6,6,0,0,5
FY2025,IPF1225501,SURGERY,759206.0,1,1,759206.0,1,1,0,0,1
FY2025,IPF1225501,UROLOGY,6681352.0,13,12,6251953.0,12,11,0,0,7
FY2025,IPF7893501,INTERNAL MEDICINE/MEDICINE,38849657.0,53,51,15223432.0,27,27,0,0,34
FY2025,IPF7893501,OTHER BASIC SCIENCES,26683086.0,37,37,15602705.0,24,24,0,0,22
FY2025,IPF7893501,PATHOLOGY,4999055.0,11,10,3005233.0,6,6,0,0,6
FY2025,IPF7893501,PEDIATRICS,2617105.0,5,5,1810983.0,3,3,0,0,5
FY2025,IPF7893501,PUBLIC HEALTH & PREV MEDICINE,11091597.0,9,9,4021761.0,5,5,0,0,8
FY2025,IPF7893501,RADIATION-DIAGNOSTIC/ONCOLOGY,1112335.0,2,2,894735.0,1,1,0,0,2
FY2025,IPF7893501,SURGERY,3545179.0,6,6,2776038.0,4,4,0,0,3
FY2025,IPF1531401,ANESTHESIOLOGY,5535235.0,7,7,2109755.0,3,3,0,0,4
FY2025,IPF1531401,INTERNAL MEDICINE/MEDICINE,33846820.0,50,48,22952107.0,26,24,0,0,34
FY2025,IPF1531401,NEUROLOGY,112691.0,1,1,0.0,0,0,0,0,1
FY2025,IPF1531401,OTHER BASIC SCIENCES,4603957.0,2,2,0.0,0,0,0,0,2
FY2025,IPF1531401,PEDIATRICS,34403011.0,41,39,23019125.0,26,24,0,0,29
FY2025,IPF1531401,PSYCHIATRY,1946672.0,3,3,1021649.0,1,1,0,0,3
FY2025,IPF1531401,PUBLIC HEALTH & PREV MEDICINE,220000.0,1,1,0.0,0,0,0,0,1
FY2025,IPF3058203,BIOSTATISTICS & OTHER MATH SCI,1000200.0,2,2,1000200.0,2,2,0,0,1
FY2025,IPF3058203,INTERNAL MEDICINE/MEDICINE,27859660.0,48,45,17420732.0,27,26,0,0,33
FY2025,IPF3058203,NEUROSURGERY,1011074.0,2,2,1011074.0,2,2,0,0,1
FY2025,IPF3058203,OTHER BASIC SCIENCES,9450388.0,17,17,5748224.0,10,10,0,0,12
FY2025,IPF3058203,OTHER HEALTH PROFESSIONS,323999.0,1,1,0.0,0,0,0,0,1
FY2025,IPF3058203,PATHOLOGY,401561.0,1,1,401561.0,1,1,0,0,1
FY2025,IPF3058203,PEDIATRICS,1847577.0,5,3,1847577.0,5,3,0,0,3
FY2025,IPF3058203,RADIATION-DIAGNOSTIC/ONCOLOGY,3598641.0,7,6,2856072.0,5,5,0,0,5
FY2025,IPF3058203,SURGERY,3438074.0,4,4,3438074.0,4,4,0,0,4
FY2025,IPF1495302,DENTISTRY,156746.0,1,1,0.0,0,0,0,0,1
FY2025,IPF1495302,INTERNAL MEDICINE/MEDICINE,8682336.0,22,22,5842309.0,12,12,0,0,16
FY2025,IPF1495302,NEUROLOGY,4256879.0,5,5,1366636.0,2,2,0,0,2
FY2025,IPF1495302,NEUROSURGERY,187635.0,1,1,0.0,0,0,0,0,1
FY2025,IPF1495302,OTHER BASIC SCIENCES,4500554.0,9,9,2793684.0,5,5,0,0,8
FY2025,IPF1495302,OTOLARYNGOLOGY,714320.0,1,1,714320.0,1,1,0,0,1
FY2025,IPF1495302,PATHOLOGY,2532378.0,1,1,0.0,0,0,0,0,1
FY2025,IPF1495302,PEDIATRICS,18543029.0,28,27,10042608.0,18,17,0,0,23
FY2025,IPF1495302,PSYCHIATRY,3294993.0,8,8,1938545.0,3,3,0,0,8
FY2025,IPF1495302,SURGERY,3389396.0,6,6,2999396.0,5,5,0,0,3
FY2025,IPF1495302,UROLOGY,117000.0,1,1,0.0,0,0,0,0,1
FY2025,IPF4976105,INTERNAL MEDICINE/MEDICINE,7907278.0,12,12,5175714.0,5,5,0,0,8
FY2025,IPF4976105,NEUROLOGY,10939822.0,7,6,2892878.0,2,2,0,0,6
FY2025,IPF4976105,OTHER BASIC SCIENCES,19496834.0,21,21,11526648.0,15,15,0,0,16
FY2025,IPF4976105,OTHER HEALTH PROFESSIONS,645465.0,1,1,645465.0,1,1,0,0,1
FY2025,IPF4976105,PATHOLOGY,140341.0,1,1,0.0,0,0,0,0,1
FY2025,IPF4976105,PUBLIC HEALTH & PREV MEDICINE,650300.0,1,1,650300.0,1,1,0,0,1
FY2025,IPF4976105,RADIATION-DIAGNOSTIC/ONCOLOGY,357994.0,1,1,357994.0,1,1,0,0,1
FY2025,IPF3736101,BIOSTATISTICS & OTHER MATH SCI,1484054.0,3,3,0.0,0,0,0,0,3
FY2025,IPF3736101,INTERNAL MEDICINE/MEDICINE,26454444.0,41,39,14085270.0,26,25,0,0,30
FY2025,IPF3736101,OTHER BASIC SCIENCES,6802962.0,13,13,4681378.0,9,9,0,0,9
FY2025,IPF3736101,PATHOLOGY,640021.0,1,1,640021.0,1,1,0,0,1
FY2025,IPF3736101,PUBLIC HEALTH & PREV MEDICINE,12792982.0,18,14,9257214.0,12,10,0,0,10
FY2025,IPF3736101,RADIATION-DIAGNOSTIC/ONCOLOGY,2288374.0,5,4,2015884.0,3,3,0,0,3
FY2025,IPF10005742,BIOMEDICAL ENGINEERING,1988339.0,3,3,1988339.0,3,3,0,0,1
FY2025,IPF10005742,BIOSTATISTICS & OTHER MATH SCI,403739.0,1,1,0.0,0,0,0,0,1
FY2025,IPF10005742,DENTISTRY,623140.0,1,1,623140.0,1,1,0,0,1
FY2025,IPF10005742,INTERNAL MEDICINE/MEDICINE,18668562.0,34,32,13986048.0,26,24,0,0,17
FY2025,IPF10005742,NEUROLOGY,2639501.0,4,4,2639501.0,4,4,0,0,3
FY2025,IPF10005742,NEUROSURGERY,3951998.0,11,10,3314093.0,7,7,0,0,7
FY2025,IPF10005742,ORTHOPEDICS,705334.0,1,1,705334.0,1,1,0,0,1
FY2025,IPF10005742,PATHOLOGY,5552672.0,4,4,5552672.0,4,4,0,0,2
FY2025,IPF10005742,SURGERY,8787241.0,14,14,7398143.0,11,11,0,0,8
FY2025,IPF10005742,UROLOGY,2789455.0,4,4,1143449.0,3,3,0,0,2
FY2025,IPF6959701,EMERGENCY MEDICINE,3485117.0,4,4,769471.0,1,1,0,0,3
FY2025,IPF6959701,INTERNAL MEDICINE/MEDICINE,11019303.0,21,19,5126851.0,8,8,0,0,12
FY2025,IPF6959701,ORTHOPEDICS,3277159.0,7,6,3277159.0,7,6,0,0,6
FY2025,IPF6959701,PEDIATRICS,4333258.0,7,6,578027.0,2,1,0,0,4
FY2025,IPF6959701,PLASTIC SURGERY,348826.0,1,1,348826.0,1,1,0,0,1
FY2025,IPF6959701,PSYCHIATRY,5944939.0,13,13,2684034.0,4,4,0,0,9
FY2025,IPF6959701,SURGERY,4098767.0,9,8,2085041.0,3,3,0,0,6
FY2025,IPF1520001,ANESTHESIOLOGY,2049614.0,5,5,1465854.0,2,2,0,0,3
FY2025,IPF1520001,INTERNAL MEDICINE/MEDICINE,8507540.0,11,11,7922328.0,7,7,0,0,10
FY2025,IPF1520001,NEUROSURGERY,193968.0,1,1,0.0,0,0,0,0,1
FY2025,IPF1520001,OPHTHALMOLOGY,797818.0,2,2,563214.0,1,1,0,0,2
FY2025,IPF1520001,PEDIATRICS,28326327.0,27,22,3307568.0,7,5,0,0,18
FY2025,IPF1520001,RADIATION-DIAGNOSTIC/ONCOLOGY,668942.0,1,1,668942.0,1,1,0,0,1
FY2025,IPF1520001,SURGERY,1240262.0,2,2,1240262.0,2,2,0,0,2
FY2025,IPF1520001,UROLOGY,968800.0,2,2,968800.0,2,2,0,0,2
FY2025,IPF1518602,EMERGENCY MEDICINE,682500.0,2,2,0.0,0,0,0,0,1
FY2025,IPF1518602,INTERNAL MEDICINE/MEDICINE,2997459.0,10,10,571961.0,1,1,0,0,8
FY2025,IPF1518602,NEUROLOGY,1082395.0,3,2,0.0,0,0,0,0,2
FY2025,IPF1518602,NEUROSURGERY,154562.0,1,1,0.0,0,0,0,0,1
FY2025,IPF1518602,OTHER BASIC SCIENCES,10413107.0,21,21,3533812.0,6,6,0,0,20
FY2025,IPF1518602,PEDIATRICS,5131956.0,10,10,3835704.0,5,5,0,0,8
FY2025,IPF1518602,PSYCHIATRY,1723093.0,6,5,1204248.0,2,2,0,0,5
FY2025,IPF1518602,SURGERY,4202090.0,8,8,3779180.0,6,6,0,0,7
FY2025,IPF4155008,EMERGENCY MEDICINE,418750.0,1,1,0.0,0,0,0,0,1
FY2025,IPF4155008,INTERNAL MEDICINE/MEDICINE,4513537.0,8,8,2519736.0,4,4,0,0,6
FY2025,IPF4155008,NEUROSURGERY,638872.0,1,1,638872.0,1,1,0,0,1
FY2025,IPF4155008,OTHER BASIC SCIENCES,3774589.0,9,9,1264265.0,3,3,0,0,6
FY2025,IPF4155008,PEDIATRICS,162000.0,1,1,0.0,0,0,0,0,1
FY2025,IPF4155008,PSYCHIATRY,8428245.0,9,9,6738677.0,7,7,0,0,6
FY2025,IPF4155008,RADIATION-DIAGNOSTIC/ONCOLOGY,511304.0,1,1,511304.0,1,1,0,0,1
FY2025,IPF3617301,FAMILY MEDICINE,542264.0,3,3,0.0,0,0,0,0,3
FY2025,IPF3617301,INTERNAL MEDICINE/MEDICINE,26392290.0,48,44,16988989.0,20,19,0,0,30
FY2025,IPF3617301,NEUROLOGY,751433.0,2,2,532674.0,1,1,0,0,2
FY2025,IPF3617301,OBSTETRICS & GYNECOLOGY,468191.0,1,1,468191.0,1,1,0,0,1
FY2025,IPF3617301,PEDIATRICS,1617576.0,6,6,748636.0,1,1,0,0,5
FY2025,IPF3617301,PSYCHIATRY,1544185.0,3,3,939784.0,1,1,0,0,3
FY2025,IPF1525701,EMERGENCY MEDICINE,623901.0,2,2,433821.0,1,1,0,0,2
FY2025,IPF1525701,INTERNAL MEDICINE/MEDICINE,9731371.0,15,15,6391413.0,6,6,0,0,15
FY2025,IPF1525701,NEUROLOGY,225180.0,1,1,0.0,0,0,0,0,1
FY2025,IPF1525701,ORTHOPEDICS,1191504.0,2,2,0.0,0,0,0,0,2
FY2025,IPF1525701,OTHER BASIC SCIENCES,3376320.0,5,5,2641778.0,4,4,0,0,3
FY2025,IPF1525701,OTOLARYNGOLOGY,597601.0,1,1,597601.0,1,1,0,0,1
FY2025,IPF1525701,PEDIATRICS,9382884.0,16,15,6293780.0,5,5,0,0,14
FY2025,IPF1525701,PSYCHIATRY,635073.0,1,1,635073.0,1,1,0,0,1
FY2025,IPF1525701,SURGERY,2369746.0,5,5,1586865.0,3,3,0,0,3
FY2025,IPF1525701,UROLOGY,708138.0,1,1,708138.0,1,1,0,0,1
FY2025,MEEI,OPHTHALMOLOGY,10628153.0,16,16,7255268.0,11,11,0,0,12
FY2025,MEEI,OTHER BASIC SCIENCES,1079168.0,2,2,1079168.0,2,2,0,0,2
FY2025,MEEI,OTOLARYNGOLOGY,18222696.0,31,30,9350221.0,17,16,0,0,21
FY2025,MGB_CORE,ANESTHESIOLOGY,36675941.0,59,55,19911573.0,26,22,0,0,37
FY2025,MGB_CORE,BIOSTATISTICS & OTHER MATH SCI,2065270.0,3,3,419114.0,1,1,0,0,2
FY2025,MGB_CORE,DERMATOLOGY,23078545.0,38,38,12416765.0,20,20,0,0,23
FY2025,MGB_CORE,EMERGENCY MEDICINE,8146647.0,12,12,5971281.0,5,5,0,0,10
FY2025,MGB_CORE,INTERNAL MEDICINE/MEDICINE,332427640.0,578,537,199886143.0,297,281,0,0,372
FY2025,MGB_CORE,NEUROLOGY,159019042.0,171,154,61542748.0,85,82,0,0,116
FY2025,MGB_CORE,NEUROSURGERY,9785968.0,19,19,7852983.0,15,15,0,0,13
FY2025,MGB_CORE,OBSTETRICS & GYNECOLOGY,18389759.0,13,13,10354014.0,9,9,0,0,9
FY2025,MGB_CORE,ORTHOPEDICS,6012549.0,11,10,5758548.0,9,8,0,0,5
FY2025,MGB_CORE,OTHER BASIC SCIENCES,48257289.0,78,77,31035925.0,46,45,0,0,50
FY2025,MGB_CORE,PATHOLOGY,37807726.0,54,54,19854880.0,31,31,0,0,33
FY2025,MGB_CORE,PEDIATRICS,11235395.0,28,25,9123213.0,16,15,0,0,20
FY2025,MGB_CORE,PLASTIC SURGERY,1730870.0,2,2,1730870.0,2,2,0,0,2
FY2025,MGB_CORE,PSYCHIATRY,70829716.0,126,119,34157901.0,48,45,0,0,90
FY2025,MGB_CORE,PUBLIC HEALTH & PREV MEDICINE,10596882.0,18,16,3631270.0,7,6,0,0,12
FY2025,MGB_CORE,RADIATION-DIAGNOSTIC/ONCOLOGY,103554831.0,165,163,64820747.0,93,92,0,0,116
FY2025,MGB_CORE,SURGERY,54705655.0,65,60,19173629.0,33,32,0,0,46
FY2025,MGB_CORE,UROLOGY,1526878.0,3,3,818926.0,2,2,0,0,2
FY2024_FY2025,MGH,ANESTHESIOLOGY,40814031.0,71,46,22395513.0,31,17,0,0,27
FY2024_FY2025,MGH,BIOSTATISTICS & OTHER MATH SCI,35525586.0,6,4,838975.0,2,1,0,0,2
FY2024_FY2025,MGH,DERMATOLOGY,25665051.0,46,25,14360483.0,28,14,0,0,10
FY2024_FY2025,MGH,EMERGENCY MEDICINE,10112991.0,14,10,7265208.0,7,4,0,0,6
FY2024_FY2025,MGH,INTERNAL MEDICINE/MEDICINE,285087166.0,541,312,164296679.0,260,146,0,0,210
FY2024_FY2025,MGH,NEUROLOGY,239928128.0,226,122,71874034.0,110,62,0,0,96
FY2024_FY2025,MGH,NEUROSURGERY,15085093.0,27,18,10303411.0,19,13,0,0,11
FY2024_FY2025,MGH,OBSTETRICS & GYNECOLOGY,19085718.0,13,9,10752517.0,9,6,0,0,5
FY2024_FY2025,MGH,ORTHOPEDICS,2193441.0,6,5,1754852.0,4,3,0,0,3
FY2024_FY2025,MGH,OTHER BASIC SCIENCES,62621077.0,111,66,40167058.0,65,37,0,0,47
FY2024_FY2025,MGH,PATHOLOGY,27432602.0,46,28,15366907.0,25,14,0,0,17
FY2024_FY2025,MGH,PEDIATRICS,15859556.0,41,27,11902194.0,20,12,0,0,18
FY2024_FY2025,MGH,PSYCHIATRY,123475859.0,244,139,59435788.0,90,46,0,0,98
FY2024_FY2025,MGH,PUBLIC HEALTH & PREV MEDICINE,10594733.0,21,11,5644930.0,10,5,0,0,8
FY2024_FY2025,MGH,RADIATION-DIAGNOSTIC/ONCOLOGY,169563216.0,279,173,96986921.0,156,91,0,0,106
FY2024_FY2025,MGH,SURGERY,65354123.0,90,52,24902369.0,47,25,0,0,37
FY2024_FY2025,MGH,UROLOGY,253458.0,2,2,253458.0,2,2,0,0,1
FY2024_FY2025,BWH,ANESTHESIOLOGY,13967071.0,32,18,6594924.0,10,6,0,0,12
FY2024_FY2025,BWH,DERMATOLOGY,18118409.0,34,20,9243515.0,13,7,0,0,13
FY2024_FY2025,BWH,EMERGENCY MEDICINE,2572796.0,8,7,1662462.0,3,3,0,0,6
FY2024_FY2025,BWH,INTERNAL MEDICINE/MEDICINE,386680952.0,643,382,243632167.0,360,205,0,0,238
FY2024_FY2025,BWH,NEUROLOGY,82645272.0,114,68,50148521.0,65,38,0,0,41
FY2024_FY2025,BWH,NEUROSURGERY,5140359.0,12,8,4949898.0,11,7,0,0,5
FY2024_FY2025,BWH,OBSTETRICS & GYNECOLOGY,6191288.0,11,7,3742071.0,6,3,0,0,6
FY2024_FY2025,BWH,ORTHOPEDICS,9483798.0,16,8,8854752.0,13,6,0,0,4
FY2024_FY2025,BWH,OTHER BASIC SCIENCES,25521432.0,45,25,18082032.0,27,14,0,0,10
FY2024_FY2025,BWH,PATHOLOGY,47141403.0,71,45,23601918.0,37,21,0,0,28
FY2024_FY2025,BWH,PEDIATRICS,8386084.0,18,9,7255516.0,11,5,0,0,8
FY2024_FY2025,BWH,PLASTIC SURGERY,2821449.0,4,2,2821449.0,4,2,0,0,2
FY2024_FY2025,BWH,PSYCHIATRY,35402395.0,35,22,8871946.0,12,8,0,0,15
FY2024_FY2025,BWH,PUBLIC HEALTH & PREV MEDICINE,7579448.0,13,9,2341778.0,4,2,0,0,7
FY2024_FY2025,BWH,RADIATION-DIAGNOSTIC/ONCOLOGY,32332644.0,59,36,26398632.0,39,24,0,0,30
FY2024_FY2025,BWH,SURGERY,39222034.0,43,23,13370770.0,23,12,0,0,17
FY2024_FY2025,BWH,UROLOGY,3168750.0,7,4,1596906.0,4,2,0,0,3
FY2024_FY2025,IPF10040927,ANESTHESIOLOGY,22417450.0,44,25,15141726.0,26,14,0,0,19
FY2024_FY2025,IPF10040927,BIOSTATISTICS & OTHER MATH SCI,157926379.0,29,14,7788072.0,11,7,0,0,8
FY2024_FY2025,IPF10040927,DERMATOLOGY,2323062.0,3,2,2323062.0,3,2,0,0,2
FY2024_FY2025,IPF10040927,EMERGENCY MEDICINE,41788849.0,14,9,3707485.0,4,4,0,0,6
FY2024_FY2025,IPF10040927,INTERNAL MEDICINE/MEDICINE,357754569.0,480,273,153827611.0,228,130,0,0,180
FY2024_FY2025,IPF10040927,NEUROLOGY,23390818.0,33,20,15615347.0,18,10,0,0,13
FY2024_FY2025,IPF10040927,NEUROSURGERY,1651551.0,6,3,1380472.0,4,1,0,0,3
FY2024_FY2025,IPF10040927,OBSTETRICS & GYNECOLOGY,1223763.0,3,2,1080417.0,2,1,0,0,2
FY2024_FY2025,IPF10040927,OPHTHALMOLOGY,7503053.0,16,10,5425321.0,12,7,0,0,9
FY2024_FY2025,IPF10040927,ORTHOPEDICS,4428265.0,8,5,4185776.0,7,4,0,0,5
FY2024_FY2025,IPF10040927,OTHER BASIC SCIENCES,32558684.0,22,12,8399843.0,13,7,0,0,10
FY2024_FY2025,IPF10040927,OTHER HEALTH PROFESSIONS,1050000.0,2,1,0.0,0,0,0,0,1
FY2024_FY2025,IPF10040927,OTOLARYNGOLOGY,14398301.0,38,22,9427971.0,14,8,0,0,13
FY2024_FY2025,IPF10040927,PATHOLOGY,37233282.0,69,41,27386518.0,51,30,0,0,20
FY2024_FY2025,IPF10040927,PEDIATRICS,91486802.0,83,50,21934154.0,34,19,0,0,36
FY2024_FY2025,IPF10040927,PSYCHIATRY,18556273.0,35,20,13786069.0,17,10,0,0,17
FY2024_FY2025,IPF10040927,PUBLIC HEALTH & PREV MEDICINE,13839008.0,19,12,2060116.0,4,2,0,0,8
FY2024_FY2025,IPF10040927,RADIATION-DIAGNOSTIC/ONCOLOGY,23898012.0,51,33,14611261.0,31,19,0,0,19
FY2024_FY2025,IPF10040927,SURGERY,17802326.0,33,18,12991478.0,19,10,0,0,14
FY2024_FY2025,IPF10040927,UROLOGY,4962549.0,7,5,1569295.0,4,3,0,0,3
FY2024_FY2025,IPF10068583,BIOSTATISTICS & OTHER MATH SCI,2729428.0,9,7,0.0,0,0,0,0,6
FY2024_FY2025,IPF10068583,INTERNAL MEDICINE/MEDICINE,328546605.0,124,66,44757359.0,59,35,0,0,48
FY2024_FY2025,IPF10068583,NEUROLOGY,1485831.0,3,2,1485831.0,3,2,0,0,1
FY2024_FY2025,IPF10068583,NEUROSURGERY,2330536.0,6,1,0.0,0,0,0,0,1
FY2024_FY2025,IPF10068583,OTHER BASIC SCIENCES,8541939.0,12,6,2433959.0,4,2,0,0,5
FY2024_FY2025,IPF10068583,PATHOLOGY,363058.0,2,2,0.0,0,0,0,0,2
FY2024_FY2025,IPF10068583,PEDIATRICS,6510686.0,8,4,1435661.0,2,1,0,0,3
FY2024_FY2025,IPF10068583,PUBLIC HEALTH & PREV MEDICINE,175462870.0,195,108,60769520.0,98,57,0,0,64
FY2024_FY2025,IPF10068583,RADIATION-DIAGNOSTIC/ONCOLOGY,140854.0,1,1,0.0,0,0,0,0,1
FY2024_FY2025,IPF4976101,ANESTHESIOLOGY,4908562.0,12,7,3106627.0,5,3,0,0,6
FY2024_FY2025,IPF4976101,BIOSTATISTICS & OTHER MATH SCI,16730397.0,4,2,0.0,0,0,0,0,2
FY2024_FY2025,IPF4976101,INTERNAL MEDICINE/MEDICINE,167068407.0,303,183,103451553.0,178,104,0,0,124
FY2024_FY2025,IPF4976101,NEUROLOGY,63868309.0,58,35,16356770.0,30,19,0,0,28
FY2024_FY2025,IPF4976101,NEUROSURGERY,2850080.0,5,4,1034145.0,2,1,0,0,2
FY2024_FY2025,IPF4976101,OBSTETRICS & GYNECOLOGY,3872418.0,4,3,0.0,0,0,0,0,2
FY2024_FY2025,IPF4976101,OPHTHALMOLOGY,605023.0,4,2,0.0,0,0,0,0,1
FY2024_FY2025,IPF4976101,ORTHOPEDICS,12734433.0,24,16,6439089.0,13,8,0,0,12
FY2024_FY2025,IPF4976101,OTHER BASIC SCIENCES,67788938.0,153,94,49099144.0,99,59,0,0,59
FY2024_FY2025,IPF4976101,OTHER HEALTH PROFESSIONS,326284.0,2,1,0.0,0,0,0,0,1
FY2024_FY2025,IPF4976101,PATHOLOGY,69800635.0,30,18,2907835.0,8,5,0,0,14
FY2024_FY2025,IPF4976101,PEDIATRICS,2665469.0,6,5,2577587.0,5,4,0,0,4
FY2024_FY2025,IPF4976101,PHYSICAL MEDICINE & REHAB,16303285.0,11,7,5964085.0,6,4,0,0,5
FY2024_FY2025,IPF4976101,PSYCHIATRY,7711177.0,14,9,7140202.0,11,7,0,0,6
FY2024_FY2025,IPF4976101,PUBLIC HEALTH & PREV MEDICINE,9214138.0,13,7,3354304.0,5,3,0,0,6
FY2024_FY2025,IPF4976101,RADIATION-DIAGNOSTIC/ONCOLOGY,58063245.0,93,54,42591895.0,74,42,0,0,35
FY2024_FY2025,IPF4976101,SURGERY,6734239.0,10,6,4912711.0,8,5,0,0,5
FY2024_FY2025,IPF4976101,UROLOGY,203676.0,1,1,0.0,0,0,0,0,1
FY2024_FY2025,IPF1504801,ANESTHESIOLOGY,9691226.0,24,14,4202861.0,8,5,0,0,12
FY2024_FY2025,IPF1504801,BIOSTATISTICS & OTHER MATH SCI,5303386.0,7,4,693840.0,2,1,0,0,1
FY2024_FY2025,IPF1504801,EMERGENCY MEDICINE,2858810.0,3,2,1863198.0,2,1,0,0,2
FY2024_FY2025,IPF1504801,INTERNAL MEDICINE/MEDICINE,141866492.0,242,149,92123499.0,137,79,0,0,90
FY2024_FY2025,IPF1504801,NEUROLOGY,40716775.0,72,36,18738830.0,34,15,0,0,28
FY2024_FY2025,IPF1504801,NEUROSURGERY,1272528.0,3,2,1051278.0,2,1,0,0,2
FY2024_FY2025,IPF1504801,OPHTHALMOLOGY,6213155.0,14,8,5516092.0,11,6,0,0,7
FY2024_FY2025,IPF1504801,ORTHOPEDICS,4788475.0,9,7,1440766.0,3,2,0,0,3
FY2024_FY2025,IPF1504801,OTHER BASIC SCIENCES,48568039.0,91,58,34212677.0,51,32,0,0,38
FY2024_FY2025,IPF1504801,OTOLARYNGOLOGY,4659797.0,9,5,4527092.0,8,4,0,0,3
FY2024_FY2025,IPF1504801,PATHOLOGY,9857079.0,25,12,7024332.0,15,6,0,0,9
FY2024_FY2025,IPF1504801,PEDIATRICS,54393480.0,102,67,25472459.0,41,25,0,0,43
FY2024_FY2025,IPF1504801,PLASTIC SURGERY,641043.0,3,2,0.0,0,0,0,0,2
FY2024_FY2025,IPF1504801,PSYCHIATRY,7931889.0,9,4,7719499.0,7,3,0,0,4
FY2024_FY2025,IPF1504801,RADIATION-DIAGNOSTIC/ONCOLOGY,22080331.0,31,20,14923656.0,26,16,0,0,8
FY2024_FY2025,IPF1504801,SURGERY,32008908.0,57,34,27211185.0,41,23,0,0,18
FY2024_FY2025,IPF1504801,UROLOGY,9588423.0,12,6,6900335.0,10,5,0,0,3
FY2024_FY2025,IPF5079202,DERMATOLOGY,1803429.0,7,4,1317520.0,3,1,0,0,2
FY2024_FY2025,IPF5079202,INTERNAL MEDICINE/MEDICINE,116040750.0,187,108,57701986.0,94,55,0,0,77
FY2024_FY2025,IPF5079202,NEUROLOGY,3858491.0,8,5,2342653.0,4,2,0,0,5
FY2024_FY2025,IPF5079202,NEUROSURGERY,1277646.0,2,1,1277646.0,2,1,0,0,1
FY2024_FY2025,IPF5079202,OTHER BASIC SCIENCES,105517703.0,178,106,66992727.0,112,64,0,0,65
FY2024_FY2025,IPF5079202,PATHOLOGY,7762884.0,13,9,4178211.0,4,4,0,0,6
FY2024_FY2025,IPF5079202,PEDIATRICS,3493254.0,6,3,1538728.0,2,1,0,0,3
FY2024_FY2025,IPF5079202,PLASTIC SURGERY,4193197.0,8,6,2456423.0,4,2,0,0,3
FY2024_FY2025,IPF5079202,PSYCHIATRY,14137628.0,28,18,8187347.0,13,9,0,0,15
FY2024_FY2025,IPF5079202,PUBLIC HEALTH & PREV MEDICINE,11029292.0,22,13,5393667.0,11,7,0,0,11
FY2024_FY2025,IPF5079202,RADIATION-DIAGNOSTIC/ONCOLOGY,31633973.0,53,28,20007136.0,33,18,0,0,15
FY2024_FY2025,IPF5079202,SURGERY,45977747.0,27,16,8672341.0,14,8,0,0,14
FY2024_FY2025,IPF5079202,UROLOGY,3825510.0,10,5,1930401.0,4,2,0,0,5
FY2024_FY2025,IPF615001,ANESTHESIOLOGY,3188166.0,10,7,2273337.0,5,3,0,0,5
FY2024_FY2025,IPF615001,EMERGENCY MEDICINE,2191435.0,5,3,1566181.0,2,1,0,0,3
FY2024_FY2025,IPF615001,INTERNAL MEDICINE/MEDICINE,128956048.0,217,127,69310925.0,117,69,0,0,82
FY2024_FY2025,IPF615001,NEUROLOGY,2804228.0,6,5,1644027.0,4,4,0,0,4
FY2024_FY2025,IPF615001,NEUROSURGERY,1924473.0,4,2,1150466.0,2,1,0,0,2
FY2024_FY2025,IPF615001,OPHTHALMOLOGY,3074416.0,7,6,2196219.0,5,4,0,0,4
FY2024_FY2025,IPF615001,OTHER BASIC SCIENCES,23168951.0,45,30,12317286.0,20,11,0,0,24
FY2024_FY2025,IPF615001,PEDIATRICS,100788767.0,162,99,68405659.0,108,64,0,0,63
FY2024_FY2025,IPF615001,PLASTIC SURGERY,5485469.0,9,7,4363171.0,7,5,0,0,2
FY2024_FY2025,IPF615001,PSYCHIATRY,6317894.0,7,4,2693158.0,4,2,0,0,3
FY2024_FY2025,IPF615001,PUBLIC HEALTH & PREV MEDICINE,17626651.0,9,6,1369514.0,2,1,0,0,6
FY2024_FY2025,IPF615001,RADIATION-DIAGNOSTIC/ONCOLOGY,1845393.0,3,3,1203393.0,2,2,0,0,3
FY2024_FY2025,IPF615001,SURGERY,2623291.0,5,3,2623291.0,5,3,0,0,3
FY2024_FY2025,DFCI,BIOSTATISTICS & OTHER MATH SCI,40246931.0,27,17,7959359.0,15,9,0,0,12
FY2024_FY2025,DFCI,INTERNAL MEDICINE/MEDICINE,220377029.0,287,163,67127354.0,112,61,0,0,121
FY2024_FY2025,DFCI,OTHER BASIC SCIENCES,24497845.0,43,29,17935850.0,27,16,0,0,21
FY2024_FY2025,DFCI,PATHOLOGY,4531393.0,12,8,1822703.0,3,2,0,0,5
FY2024_FY2025,DFCI,PUBLIC HEALTH & PREV MEDICINE,3861057.0,14,4,3202861.0,10,2,0,0,3
FY2024_FY2025,DFCI,RADIATION-DIAGNOSTIC/ONCOLOGY,11960440.0,23,15,8080343.0,15,10,0,0,8
FY2024_FY2025,IPF1499101,ANESTHESIOLOGY,12729512.0,32,23,8807059.0,13,9,0,0,17
FY2024_FY2025,IPF1499101,EMERGENCY MEDICINE,1777500.0,4,2,1346310.0,2,1,0,0,2
FY2024_FY2025,IPF1499101,INTERNAL MEDICINE/MEDICINE,96215486.0,176,104,40705866.0,70,40,0,0,74
FY2024_FY2025,IPF1499101,NEUROLOGY,16663721.0,35,22,5928975.0,9,5,0,0,13
FY2024_FY2025,IPF1499101,NEUROSURGERY,24471780.0,11,3,0.0,0,0,0,0,1
FY2024_FY2025,IPF1499101,OPHTHALMOLOGY,950970.0,2,2,0.0,0,0,0,0,2
FY2024_FY2025,IPF1499101,ORTHOPEDICS,6070857.0,13,8,5074351.0,10,6,0,0,4
FY2024_FY2025,IPF1499101,OTHER BASIC SCIENCES,28951356.0,48,32,17052036.0,22,15,0,0,24
FY2024_FY2025,IPF1499101,OTOLARYNGOLOGY,2387341.0,5,3,2029072.0,3,2,0,0,2
FY2024_FY2025,IPF1499101,PATHOLOGY,27206080.0,48,31,18950716.0,33,19,0,0,19
FY2024_FY2025,IPF1499101,PEDIATRICS,44857065.0,92,59,25546226.0,40,26,0,0,47
FY2024_FY2025,IPF1499101,PHYSICAL MEDICINE & REHAB,732380.0,1,1,732380.0,1,1,0,0,1
FY2024_FY2025,IPF1499101,PSYCHIATRY,16648058.0,19,12,8663673.0,12,7,0,0,11
FY2024_FY2025,IPF1499101,RADIATION-DIAGNOSTIC/ONCOLOGY,17579746.0,28,16,11003821.0,18,9,0,0,11
FY2024_FY2025,IPF1499101,SURGERY,16302616.0,11,6,2742245.0,4,3,0,0,3
FY2024_FY2025,IPF1499101,UROLOGY,2429603.0,5,3,1116037.0,2,1,0,0,2
FY2024_FY2025,BIDMC,ANESTHESIOLOGY,15206487.0,17,11,12003965.0,14,9,0,0,7
FY2024_FY2025,BIDMC,DERMATOLOGY,1.0,1,1,0.0,0,0,0,0,1
FY2024_FY2025,BIDMC,EMERGENCY MEDICINE,191193.0,1,1,0.0,0,0,0,0,1
FY2024_FY2025,BIDMC,INTERNAL MEDICINE/MEDICINE,134936906.0,246,152,95064659.0,154,95,0,0,86
FY2024_FY2025,BIDMC,NEUROLOGY,34985354.0,38,22,13729312.0,19,12,0,0,18
FY2024_FY2025,BIDMC,OBSTETRICS & GYNECOLOGY,3851962.0,9,5,2647957.0,4,2,0,0,4
FY2024_FY2025,BIDMC,ORTHOPEDICS,1651755.0,5,3,639383.0,1,1,0,0,2
FY2024_FY2025,BIDMC,OTHER BASIC SCIENCES,18348372.0,12,7,1723414.0,3,2,0,0,3
FY2024_FY2025,BIDMC,PATHOLOGY,21345818.0,36,23,12324163.0,20,14,0,0,18
FY2024_FY2025,BIDMC,PLASTIC SURGERY,3947516.0,4,2,868000.0,2,1,0,0,1
FY2024_FY2025,BIDMC,PSYCHIATRY,4445863.0,13,7,3798995.0,8,4,0,0,6
FY2024_FY2025,BIDMC,SURGERY,11658826.0,20,12,9166485.0,13,8,0,0,9
FY2024_FY2025,BIDMC,UROLOGY,2582595.0,5,3,2582595.0,5,3,0,0,2
FY2024_FY2025,IPF1225501,BIOSTATISTICS & OTHER MATH SCI,1629158.0,4,3,632610.0,1,1,0,0,3
FY2024_FY2025,IPF1225501,INTERNAL MEDICINE/MEDICINE,107622378.0,163,98,69785773.0,116,66,0,0,61
FY2024_FY2025,IPF1225501,NEUROLOGY,7193859.0,12,8,4116730.0,7,4,0,0,8
FY2024_FY2025,IPF1225501,NEUROSURGERY,8339150.0,15,10,4720866.0,10,6,0,0,6
FY2024_FY2025,IPF1225501,OBSTETRICS & GYNECOLOGY,423610.0,2,2,423610.0,2,2,0,0,2
FY2024_FY2025,IPF1225501,OPHTHALMOLOGY,3713078.0,9,5,3713078.0,9,5,0,0,1
FY2024_FY2025,IPF1225501,ORTHOPEDICS,1036360.0,2,1,1036360.0,2,1,0,0,1
FY2024_FY2025,IPF1225501,OTHER BASIC SCIENCES,5251213.0,10,8,4289475.0,7,5,0,0,4
FY2024_FY2025,IPF1225501,PATHOLOGY,7366163.0,11,6,7366163.0,11,6,0,0,5
FY2024_FY2025,IPF1225501,PEDIATRICS,7629853.0,7,6,2388976.0,4,4,0,0,2
FY2024_FY2025,IPF1225501,RADIATION-DIAGNOSTIC/ONCOLOGY,12000603.0,15,9,8595184.0,13,8,0,0,6
FY2024_FY2025,IPF1225501,SURGERY,1548555.0,2,2,1548555.0,2,2,0,0,2
FY2024_FY2025,IPF1225501,UROLOGY,12709883.0,27,16,11919067.0,25,14,0,0,9
FY2024_FY2025,IPF7893501,INTERNAL MEDICINE/MEDICINE,71300097.0,111,62,28271715.0,52,28,0,0,40
FY2024_FY2025,IPF7893501,OTHER BASIC SCIENCES,50613048.0,71,42,26380168.0,45,27,0,0,22
FY2024_FY2025,IPF7893501,PATHOLOGY,10797056.0,26,15,6142093.0,14,8,0,0,10
FY2024_FY2025,IPF7893501,PEDIATRICS,5227351.0,11,6,3919985.0,8,4,0,0,6
FY2024_FY2025,IPF7893501,PUBLIC HEALTH & PREV MEDICINE,21615381.0,21,11,7926519.0,11,6,0,0,8
FY2024_FY2025,IPF7893501,RADIATION-DIAGNOSTIC/ONCOLOGY,1364247.0,3,2,894735.0,1,1,0,0,2
FY2024_FY2025,IPF7893501,SURGERY,5540387.0,10,6,4002105.0,6,4,0,0,3
FY2024_FY2025,IPF1531401,ANESTHESIOLOGY,9326638.0,15,9,4800418.0,8,5,0,0,5
FY2024_FY2025,IPF1531401,INTERNAL MEDICINE/MEDICINE,63132921.0,95,56,42121239.0,51,28,0,0,36
FY2024_FY2025,IPF1531401,NEUROLOGY,112691.0,1,1,0.0,0,0,0,0,1
FY2024_FY2025,IPF1531401,OTHER BASIC SCIENCES,9790149.0,5,3,848274.0,1,1,0,0,2
FY2024_FY2025,IPF1531401,OTOLARYNGOLOGY,66030.0,1,1,0.0,0,0,0,0,1
FY2024_FY2025,IPF1531401,PEDIATRICS,65533911.0,90,55,40857144.0,54,31,0,0,37
FY2024_FY2025,IPF1531401,PSYCHIATRY,2882001.0,5,3,1021649.0,1,1,0,0,3
FY2024_FY2025,IPF1531401,PUBLIC HEALTH & PREV MEDICINE,220000.0,1,1,0.0,0,0,0,0,1
FY2024_FY2025,IPF3058203,BIOSTATISTICS & OTHER MATH SCI,1000200.0,2,2,1000200.0,2,2,0,0,1
FY2024_FY2025,IPF3058203,INTERNAL MEDICINE/MEDICINE,55666120.0,102,62,32843475.0,55,33,0,0,43
FY2024_FY2025,IPF3058203,NEUROSURGERY,1581615.0,3,2,1581615.0,3,2,0,0,1
FY2024_FY2025,IPF3058203,OBSTETRICS & GYNECOLOGY,237924.0,1,1,0.0,0,0,0,0,1
FY2024_FY2025,IPF3058203,OTHER BASIC SCIENCES,19564527.0,37,20,12699811.0,25,13,0,0,13
FY2024_FY2025,IPF3058203,OTHER HEALTH PROFESSIONS,941412.0,3,2,0.0,0,0,0,0,1
FY2024_FY2025,IPF3058203,PATHOLOGY,783043.0,2,1,783043.0,2,1,0,0,1
FY2024_FY2025,IPF3058203,PEDIATRICS,5369423.0,12,6,4954009.0,11,5,0,0,4
FY2024_FY2025,IPF3058203,RADIATION-DIAGNOSTIC/ONCOLOGY,6208069.0,14,8,4756216.0,9,6,0,0,6
FY2024_FY2025,IPF3058203,SURGERY,6885093.0,9,5,6885093.0,9,5,0,0,5
FY2024_FY2025,IPF1495302,DENTISTRY,327492.0,2,1,0.0,0,0,0,0,1
FY2024_FY2025,IPF1495302,INTERNAL MEDICINE/MEDICINE,15908767.0,42,24,11006451.0,23,13,0,0,18
FY2024_FY2025,IPF1495302,NEUROLOGY,8005311.0,9,5,2711643.0,4,2,0,0,2
FY2024_FY2025,IPF1495302,NEUROSURGERY,375270.0,2,1,0.0,0,0,0,0,1
FY2024_FY2025,IPF1495302,OTHER BASIC SCIENCES,7140085.0,15,10,4991510.0,9,5,0,0,9
FY2024_FY2025,IPF1495302,OTOLARYNGOLOGY,1502050.0,3,1,1502050.0,3,1,0,0,1
FY2024_FY2025,IPF1495302,PATHOLOGY,4290730.0,2,1,0.0,0,0,0,0,1
FY2024_FY2025,IPF1495302,PEDIATRICS,37228032.0,57,34,20398934.0,36,20,0,0,24
FY2024_FY2025,IPF1495302,PSYCHIATRY,8864319.0,20,14,5955081.0,9,6,0,0,12
FY2024_FY2025,IPF1495302,SURGERY,7853473.0,17,9,6480259.0,14,7,0,0,4
FY2024_FY2025,IPF1495302,UROLOGY,546225.0,2,2,429225.0,1,1,0,0,2
FY2024_FY2025,IPF4976105,INTERNAL MEDICINE/MEDICINE,11742397.0,22,13,8091252.0,11,6,0,0,9
FY2024_FY2025,IPF4976105,NEUROLOGY,21962782.0,13,8,5222195.0,4,3,0,0,6
FY2024_FY2025,IPF4976105,NEUROSURGERY,402401.0,1,1,0.0,0,0,0,0,1
FY2024_FY2025,IPF4976105,OBSTETRICS & GYNECOLOGY,1831773.0,3,2,1831773.0,3,2,0,0,1
FY2024_FY2025,IPF4976105,OTHER BASIC SCIENCES,42720865.0,43,28,24659483.0,33,20,0,0,17
FY2024_FY2025,IPF4976105,OTHER HEALTH PROFESSIONS,1304102.0,2,1,1304102.0,2,1,0,0,1
FY2024_FY2025,IPF4976105,PATHOLOGY,140341.0,1,1,0.0,0,0,0,0,1
FY2024_FY2025,IPF4976105,PUBLIC HEALTH & PREV MEDICINE,1418403.0,3,2,1267747.0,2,1,0,0,2
FY2024_FY2025,IPF4976105,RADIATION-DIAGNOSTIC/ONCOLOGY,1089758.0,3,2,1089758.0,3,2,0,0,2
FY2024_FY2025,IPF3736101,BIOSTATISTICS & OTHER MATH SCI,3546139.0,8,5,0.0,0,0,0,0,4
FY2024_FY2025,IPF3736101,INTERNAL MEDICINE/MEDICINE,55185713.0,99,59,29009383.0,58,34,0,0,40
FY2024_FY2025,IPF3736101,OTHER BASIC SCIENCES,11189606.0,24,16,6754013.0,14,10,0,0,11
FY2024_FY2025,IPF3736101,PATHOLOGY,1248041.0,2,1,1248041.0,2,1,0,0,1
FY2024_FY2025,IPF3736101,PUBLIC HEALTH & PREV MEDICINE,20246208.0,29,16,12916735.0,18,10,0,0,11
FY2024_FY2025,IPF3736101,RADIATION-DIAGNOSTIC/ONCOLOGY,4901683.0,10,5,4355623.0,7,4,0,0,3
FY2024_FY2025,IPF10005742,BIOMEDICAL ENGINEERING,4278979.0,8,6,3608030.0,6,5,0,0,1
FY2024_FY2025,IPF10005742,BIOSTATISTICS & OTHER MATH SCI,807478.0,2,1,0.0,0,0,0,0,1
FY2024_FY2025,IPF10005742,DENTISTRY,1245210.0,2,1,1245210.0,2,1,0,0,1
FY2024_FY2025,IPF10005742,INTERNAL MEDICINE/MEDICINE,37231207.0,67,37,27911627.0,52,27,0,0,18
FY2024_FY2025,IPF10005742,NEUROLOGY,5431184.0,9,6,4670977.0,8,5,0,0,4
FY2024_FY2025,IPF10005742,NEUROSURGERY,9665432.0,27,15,6957899.0,16,8,0,0,9
FY2024_FY2025,IPF10005742,ORTHOPEDICS,705334.0,1,1,705334.0,1,1,0,0,1
FY2024_FY2025,IPF10005742,PATHOLOGY,9287530.0,8,5,9287530.0,8,5,0,0,3
FY2024_FY2025,IPF10005742,RADIATION-DIAGNOSTIC/ONCOLOGY,1419213.0,3,3,588696.0,1,1,0,0,3
FY2024_FY2025,IPF10005742,SURGERY,15862798.0,27,15,14150700.0,23,11,0,0,8
FY2024_FY2025,IPF10005742,UROLOGY,6043668.0,11,5,2648210.0,7,3,0,0,2
FY2024_FY2025,IPF6959701,EMERGENCY MEDICINE,6795152.0,7,6,1453454.0,2,2,0,0,4
FY2024_FY2025,IPF6959701,INTERNAL MEDICINE/MEDICINE,19851600.0,33,22,7715356.0,12,8,0,0,16
FY2024_FY2025,IPF6959701,NEUROLOGY,398715.0,1,1,398715.0,1,1,0,0,1
FY2024_FY2025,IPF6959701,ORTHOPEDICS,7881569.0,16,8,7671583.0,15,7,0,0,6
FY2024_FY2025,IPF6959701,PEDIATRICS,6252825.0,14,9,578027.0,2,1,0,0,5
FY2024_FY2025,IPF6959701,PLASTIC SURGERY,348826.0,1,1,348826.0,1,1,0,0,1
FY2024_FY2025,IPF6959701,PSYCHIATRY,11647985.0,31,20,4835385.0,7,4,0,0,11
FY2024_FY2025,IPF6959701,SURGERY,7154532.0,20,10,2887034.0,4,3,0,0,7
FY2024_FY2025,IPF1520001,ANESTHESIOLOGY,3907404.0,9,5,3007039.0,4,2,0,0,3
FY2024_FY2025,IPF1520001,INTERNAL MEDICINE/MEDICINE,12697647.0,23,15,11191369.0,13,9,0,0,12
FY2024_FY2025,IPF1520001,NEUROSURGERY,387936.0,2,1,0.0,0,0,0,0,1
FY2024_FY2025,IPF1520001,OPHTHALMOLOGY,1568784.0,4,2,1099577.0,2,1,0,0,2
FY2024_FY2025,IPF1520001,PEDIATRICS,49072360.0,53,27,7737677.0,16,9,0,0,20
FY2024_FY2025,IPF1520001,RADIATION-DIAGNOSTIC/ONCOLOGY,1471179.0,3,2,1324246.0,2,1,0,0,2
FY2024_FY2025,IPF1520001,SURGERY,2930329.0,6,4,2538267.0,4,2,0,0,4
FY2024_FY2025,IPF1520001,UROLOGY,1979446.0,4,2,1979446.0,4,2,0,0,2
FY2024_FY2025,IPF1518602,EMERGENCY MEDICINE,955500.0,3,2,0.0,0,0,0,0,1
FY2024_FY2025,IPF1518602,INTERNAL MEDICINE/MEDICINE,6207548.0,22,13,1141401.0,2,1,0,0,10
FY2024_FY2025,IPF1518602,NEUROLOGY,2606379.0,6,3,0.0,0,0,0,0,2
FY2024_FY2025,IPF1518602,NEUROSURGERY,309124.0,2,1,0.0,0,0,0,0,1
FY2024_FY2025,IPF1518602,OTHER BASIC SCIENCES,25129786.0,53,34,11592173.0,22,15,0,0,28
FY2024_FY2025,IPF1518602,PEDIATRICS,11386837.0,19,12,6843694.0,9,6,0,0,9
FY2024_FY2025,IPF1518602,PSYCHIATRY,3932955.0,13,7,2807762.0,5,3,0,0,6
FY2024_FY2025,IPF1518602,RADIATION-DIAGNOSTIC/ONCOLOGY,1228689.0,3,2,645893.0,1,1,0,0,1
FY2024_FY2025,IPF1518602,SURGERY,8279897.0,17,11,7783820.0,13,8,0,0,9
FY2024_FY2025,IPF4155008,EMERGENCY MEDICINE,837500.0,2,1,0.0,0,0,0,0,1
FY2024_FY2025,IPF4155008,INTERNAL MEDICINE/MEDICINE,7974125.0,14,10,4695229.0,8,5,0,0,7
FY2024_FY2025,IPF4155008,NEUROSURGERY,994432.0,2,2,994432.0,2,2,0,0,1
FY2024_FY2025,IPF4155008,OTHER BASIC SCIENCES,6973718.0,16,11,3195201.0,8,5,0,0,6
FY2024_FY2025,IPF4155008,PEDIATRICS,162000.0,1,1,0.0,0,0,0,0,1
FY2024_FY2025,IPF4155008,PSYCHIATRY,12449862.0,20,13,9640231.0,12,8,0,0,9
FY2024_FY2025,IPF4155008,RADIATION-DIAGNOSTIC/ONCOLOGY,1014233.0,2,1,1014233.0,2,1,0,0,1
FY2024_FY2025,IPF3617301,FAMILY MEDICINE,892037.0,5,3,0.0,0,0,0,0,3
FY2024_FY2025,IPF3617301,INTERNAL MEDICINE/MEDICINE,47541942.0,92,53,28440659.0,37,21,0,0,35
FY2024_FY2025,IPF3617301,NEUROLOGY,1751354.0,4,2,1315101.0,2,1,0,0,2
FY2024_FY2025,IPF3617301,OBSTETRICS & GYNECOLOGY,468191.0,1,1,468191.0,1,1,0,0,1
FY2024_FY2025,IPF3617301,OTOLARYNGOLOGY,703116.0,1,1,703116.0,1,1,0,0,1
FY2024_FY2025,IPF3617301,PEDIATRICS,2920075.0,10,7,1560979.0,2,1,0,0,5
FY2024_FY2025,IPF3617301,PSYCHIATRY,2141330.0,5,3,939784.0,1,1,0,0,3
FY2024_FY2025,IPF3617301,SURGERY,197968.0,2,1,0.0,0,0,0,0,1
FY2024_FY2025,IPF1525701,EMERGENCY MEDICINE,1230308.0,4,2,850148.0,2,1,0,0,2
FY2024_FY2025,IPF1525701,INTERNAL MEDICINE/MEDICINE,20270398.0,30,21,11441517.0,10,6,0,0,21
FY2024_FY2025,IPF1525701,NEUROLOGY,450360.0,2,1,0.0,0,0,0,0,1
FY2024_FY2025,IPF1525701,ORTHOPEDICS,1359984.0,3,2,0.0,0,0,0,0,2
FY2024_FY2025,IPF1525701,OTHER BASIC SCIENCES,6610055.0,10,6,5875513.0,9,5,0,0,3
FY2024_FY2025,IPF1525701,OTOLARYNGOLOGY,1199757.0,2,1,1199757.0,2,1,0,0,1
FY2024_FY2025,IPF1525701,PEDIATRICS,17381504.0,32,21,11188527.0,10,8,0,0,17
FY2024_FY2025,IPF1525701,PSYCHIATRY,1662787.0,3,2,1413022.0,2,1,0,0,2
FY2024_FY2025,IPF1525701,SURGERY,5829038.0,13,8,4439633.0,8,5,0,0,6
FY2024_FY2025,IPF1525701,UROLOGY,898218.0,2,2,708138.0,1,1,0,0,2
FY2024_FY2025,MEEI,OPHTHALMOLOGY,23974501.0,41,26,16064692.0,28,18,0,0,18
FY2024_FY2025,MEEI,OTHER BASIC SCIENCES,2743101.0,5,3,2743101.0,5,3,0,0,2
FY2024_FY2025,MEEI,OTOLARYNGOLOGY,36578099.0,59,35,17007122.0,33,19,0,0,24
FY2024_FY2025,MGB_CORE,ANESTHESIOLOGY,54781102.0,103,64,28990437.0,41,23,0,0,39
FY2024_FY2025,MGB_CORE,BIOSTATISTICS & OTHER MATH SCI,35525586.0,6,4,838975.0,2,1,0,0,2
FY2024_FY2025,MGB_CORE,DERMATOLOGY,43783460.0,80,45,23603998.0,41,21,0,0,23
FY2024_FY2025,MGB_CORE,EMERGENCY MEDICINE,12685787.0,22,17,8927670.0,10,7,0,0,12
FY2024_FY2025,MGB_CORE,INTERNAL MEDICINE/MEDICINE,671768118.0,1184,694,407928846.0,620,351,0,0,447
FY2024_FY2025,MGB_CORE,NEUROLOGY,322573400.0,340,190,122022555.0,175,100,0,0,135
FY2024_FY2025,MGB_CORE,NEUROSURGERY,20225452.0,39,26,15253309.0,30,20,0,0,16
FY2024_FY2025,MGB_CORE,OBSTETRICS & GYNECOLOGY,25277006.0,24,16,14494588.0,15,9,0,0,11
FY2024_FY2025,MGB_CORE,ORTHOPEDICS,11677239.0,22,13,10609604.0,17,9,0,0,7
FY2024_FY2025,MGB_CORE,OTHER BASIC SCIENCES,88142509.0,156,91,58249090.0,92,51,0,0,57
FY2024_FY2025,MGB_CORE,PATHOLOGY,74574005.0,117,73,38968825.0,62,35,0,0,45
FY2024_FY2025,MGB_CORE,PEDIATRICS,24245640.0,59,36,19157710.0,31,17,0,0,26
FY2024_FY2025,MGB_CORE,PLASTIC SURGERY,2821449.0,4,2,2821449.0,4,2,0,0,2
FY2024_FY2025,MGB_CORE,PSYCHIATRY,158878254.0,279,160,68307734.0,102,53,0,0,111
FY2024_FY2025,MGB_CORE,PUBLIC HEALTH & PREV MEDICINE,18174181.0,34,20,7986708.0,14,7,0,0,15
FY2024_FY2025,MGB_CORE,RADIATION-DIAGNOSTIC/ONCOLOGY,201895860.0,338,209,123385553.0,195,115,0,0,136
FY2024_FY2025,MGB_CORE,SURGERY,104576157.0,133,75,38273139.0,70,37,0,0,54
FY2024_FY2025,MGB_CORE,UROLOGY,3422208.0,9,6,1850364.0,6,4,0,0,4
FY2021_FY2025,MGH,ANESTHESIOLOGY,86425916.0,154,77,43475831.0,73,30,0,0,36
FY2021_FY2025,MGH,BIOSTATISTICS & OTHER MATH SCI,190545867.0,21,7,1691646.0,4,2,0,0,3
FY2021_FY2025,MGH,DENTISTRY,263086.0,1,1,0.0,0,0,0,0,1
FY2021_FY2025,MGH,DERMATOLOGY,53446050.0,106,38,30900299.0,68,21,0,0,13
FY2021_FY2025,MGH,EMERGENCY MEDICINE,20595628.0,33,15,13001215.0,15,7,0,0,9
FY2021_FY2025,MGH,INTERNAL MEDICINE/MEDICINE,698455703.0,1400,489,414906372.0,685,219,0,0,269
FY2021_FY2025,MGH,NEUROLOGY,536942292.0,548,207,173328007.0,272,91,0,0,120
FY2021_FY2025,MGH,NEUROSURGERY,40273944.0,70,28,26441472.0,50,21,0,0,13
FY2021_FY2025,MGH,OBSTETRICS & GYNECOLOGY,34795592.0,31,15,21087347.0,16,8,0,0,6
FY2021_FY2025,MGH,ORTHOPEDICS,5352880.0,14,6,4914291.0,12,4,0,0,3
FY2021_FY2025,MGH,OTHER BASIC SCIENCES,136608543.0,266,100,90642638.0,152,48,0,0,57
FY2021_FY2025,MGH,PATHOLOGY,62673032.0,113,45,34453391.0,59,22,0,0,24
FY2021_FY2025,MGH,PEDIATRICS,37862497.0,97,41,24672485.0,42,15,0,0,23
FY2021_FY2025,MGH,PSYCHIATRY,331457122.0,616,230,150672506.0,236,79,0,0,119
FY2021_FY2025,MGH,PUBLIC HEALTH & PREV MEDICINE,16578485.0,36,14,9766699.0,16,6,0,0,9
FY2021_FY2025,MGH,RADIATION-DIAGNOSTIC/ONCOLOGY,421299812.0,708,307,227863778.0,393,132,0,0,146
FY2021_FY2025,MGH,SURGERY,160711713.0,255,102,58431979.0,118,40,0,0,56
FY2021_FY2025,MGH,UROLOGY,1109690.0,4,2,1109690.0,4,2,0,0,1
FY2021_FY2025,BWH,ANESTHESIOLOGY,35827540.0,81,25,21222500.0,35,10,0,0,16
FY2021_FY2025,BWH,DENTISTRY,2148169.0,3,1,2148169.0,3,1,0,0,1
FY2021_FY2025,BWH,DERMATOLOGY,38059210.0,82,32,18332169.0,30,12,0,0,19
FY2021_FY2025,BWH,EMERGENCY MEDICINE,11376823.0,27,13,5700646.0,12,5,0,0,8
FY2021_FY2025,BWH,INTERNAL MEDICINE/MEDICINE,959658704.0,1632,611,577928670.0,883,304,0,0,311
FY2021_FY2025,BWH,NEUROLOGY,222504514.0,289,109,130283830.0,153,50,0,0,53
FY2021_FY2025,BWH,NEUROSURGERY,13610249.0,34,14,12209315.0,26,10,0,0,8
FY2021_FY2025,BWH,OBSTETRICS & GYNECOLOGY,21498531.0,39,16,10536571.0,16,5,0,0,11
FY2021_FY2025,BWH,ORTHOPEDICS,21126071.0,43,14,17504753.0,27,7,0,0,6
FY2021_FY2025,BWH,OTHER BASIC SCIENCES,50419897.0,90,38,31603985.0,50,17,0,0,15
FY2021_FY2025,BWH,PATHOLOGY,92758611.0,169,67,47491534.0,84,29,0,0,38
FY2021_FY2025,BWH,PEDIATRICS,20203829.0,43,16,16096342.0,23,7,0,0,11
FY2021_FY2025,BWH,PLASTIC SURGERY,3700567.0,7,3,3216615.0,5,2,0,0,2
FY2021_FY2025,BWH,PSYCHIATRY,78648271.0,95,38,23868993.0,32,15,0,0,22
FY2021_FY2025,BWH,PUBLIC HEALTH & PREV MEDICINE,12393333.0,27,16,3645604.0,6,2,0,0,10
FY2021_FY2025,BWH,RADIATION-DIAGNOSTIC/ONCOLOGY,77352761.0,145,54,60133452.0,96,35,0,0,33
FY2021_FY2025,BWH,SURGERY,105321594.0,109,32,33434296.0,61,16,0,0,24
FY2021_FY2025,BWH,UROLOGY,6242403.0,16,6,3218378.0,8,2,0,0,3
FY2021_FY2025,IPF10040927,ANESTHESIOLOGY,48756563.0,105,30,33889514.0,60,17,0,0,19
FY2021_FY2025,IPF10040927,BIOMEDICAL ENGINEERING,763875.0,2,1,763875.0,2,1,0,0,1
FY2021_FY2025,IPF10040927,BIOSTATISTICS & OTHER MATH SCI,296701613.0,70,21,19476631.0,29,11,0,0,11
FY2021_FY2025,IPF10040927,DERMATOLOGY,3365103.0,5,3,3365103.0,5,3,0,0,2
FY2021_FY2025,IPF10040927,EMERGENCY MEDICINE,63253459.0,29,12,7649176.0,9,4,0,0,6
FY2021_FY2025,IPF10040927,INTERNAL MEDICINE/MEDICINE,833364261.0,1211,425,358980002.0,589,198,0,0,237
FY2021_FY2025,IPF10040927,NEUROLOGY,54434809.0,92,35,33955164.0,42,15,0,0,19
FY2021_FY2025,IPF10040927,NEUROSURGERY,3445910.0,9,4,3174831.0,7,2,0,0,3
FY2021_FY2025,IPF10040927,OBSTETRICS & GYNECOLOGY,9326864.0,25,11,2642565.0,4,1,0,0,6
FY2021_FY2025,IPF10040927,OPHTHALMOLOGY,20977850.0,46,18,11498661.0,27,9,0,0,12
FY2021_FY2025,IPF10040927,ORTHOPEDICS,10067442.0,21,9,8855250.0,16,5,0,0,5
FY2021_FY2025,IPF10040927,OTHER BASIC SCIENCES,80752092.0,67,22,29362127.0,44,15,0,0,12
FY2021_FY2025,IPF10040927,OTHER HEALTH PROFESSIONS,1050000.0,2,1,0.0,0,0,0,0,1
FY2021_FY2025,IPF10040927,OTOLARYNGOLOGY,29929902.0,78,33,21342975.0,38,15,0,0,17
FY2021_FY2025,IPF10040927,PATHOLOGY,96214128.0,189,69,65136741.0,128,40,0,0,32
FY2021_FY2025,IPF10040927,PEDIATRICS,199950723.0,237,82,60695346.0,96,32,0,0,44
FY2021_FY2025,IPF10040927,PSYCHIATRY,54258883.0,90,33,36954983.0,49,16,0,0,20
FY2021_FY2025,IPF10040927,PUBLIC HEALTH & PREV MEDICINE,33840906.0,64,25,10693074.0,20,9,0,0,12
FY2021_FY2025,IPF10040927,RADIATION-DIAGNOSTIC/ONCOLOGY,60150334.0,121,51,35534899.0,74,24,0,0,22
FY2021_FY2025,IPF10040927,SURGERY,36680452.0,79,28,26644743.0,46,16,0,0,21
FY2021_FY2025,IPF10040927,UROLOGY,10938855.0,21,7,6808070.0,15,4,0,0,5
FY2021_FY2025,IPF10068583,BIOSTATISTICS & OTHER MATH SCI,3781648.0,12,7,0.0,0,0,0,0,6
FY2021_FY2025,IPF10068583,INTERNAL MEDICINE/MEDICINE,809654724.0,302,110,82836088.0,133,60,0,0,60
FY2021_FY2025,IPF10068583,NEUROLOGY,3511892.0,8,2,3511892.0,8,2,0,0,1
FY2021_FY2025,IPF10068583,NEUROSURGERY,5881324.0,14,3,0.0,0,0,0,0,1
FY2021_FY2025,IPF10068583,OTHER BASIC SCIENCES,14531596.0,26,11,7052429.0,13,5,0,0,6
FY2021_FY2025,IPF10068583,PATHOLOGY,863444.0,4,2,0.0,0,0,0,0,2
FY2021_FY2025,IPF10068583,PEDIATRICS,10762080.0,14,4,1435661.0,2,1,0,0,3
FY2021_FY2025,IPF10068583,PUBLIC HEALTH & PREV MEDICINE,351751189.0,446,157,122615830.0,212,75,0,0,77
FY2021_FY2025,IPF10068583,RADIATION-DIAGNOSTIC/ONCOLOGY,140854.0,1,1,0.0,0,0,0,0,1
FY2021_FY2025,IPF861001,INTERNAL MEDICINE/MEDICINE,340539834.0,94,63,12212836.0,39,31,0,0,44
FY2021_FY2025,IPF861001,NEUROLOGY,957079.0,3,2,957079.0,3,2,0,0,1
FY2021_FY2025,IPF861001,NEUROSURGERY,678699.0,3,3,0.0,0,0,0,0,1
FY2021_FY2025,IPF861001,OTHER BASIC SCIENCES,1484902.0,6,4,1325418.0,5,3,0,0,4
FY2021_FY2025,IPF861001,PEDIATRICS,34305.0,1,1,0.0,0,0,0,0,1
FY2021_FY2025,IPF861001,PUBLIC HEALTH & PREV MEDICINE,42621258.0,93,83,15656259.0,49,40,0,0,52
FY2021_FY2025,IPF4976101,ANESTHESIOLOGY,16791328.0,40,14,9190890.0,16,7,0,0,10
FY2021_FY2025,IPF4976101,BIOSTATISTICS & OTHER MATH SCI,43596555.0,9,3,643686.0,1,1,0,0,3
FY2021_FY2025,IPF4976101,DERMATOLOGY,493656.0,2,2,0.0,0,0,0,0,2
FY2021_FY2025,IPF4976101,FAMILY MEDICINE,490729.0,1,1,490729.0,1,1,0,0,1
FY2021_FY2025,IPF4976101,INTERNAL MEDICINE/MEDICINE,401552779.0,767,277,249698106.0,466,148,0,0,150
FY2021_FY2025,IPF4976101,NEUROLOGY,162974080.0,155,63,39370031.0,76,29,0,0,36
FY2021_FY2025,IPF4976101,NEUROSURGERY,6822691.0,13,5,1580138.0,3,1,0,0,3
FY2021_FY2025,IPF4976101,OBSTETRICS & GYNECOLOGY,4114036.0,6,5,0.0,0,0,0,0,3
FY2021_FY2025,IPF4976101,OPHTHALMOLOGY,1581673.0,8,3,509859.0,1,1,0,0,2
FY2021_FY2025,IPF4976101,ORTHOPEDICS,29599448.0,65,24,19003313.0,41,15,0,0,14
FY2021_FY2025,IPF4976101,OTHER BASIC SCIENCES,157311760.0,389,148,111481559.0,244,79,0,0,78
FY2021_FY2025,IPF4976101,OTHER HEALTH PROFESSIONS,1284874.0,5,2,633618.0,1,1,0,0,2
FY2021_FY2025,IPF4976101,PATHOLOGY,145043680.0,62,23,7233627.0,18,6,0,0,16
FY2021_FY2025,IPF4976101,PEDIATRICS,11055155.0,26,12,10362404.0,22,9,0,0,7
FY2021_FY2025,IPF4976101,PHYSICAL MEDICINE & REHAB,30543263.0,31,13,13062082.0,18,6,0,0,8
FY2021_FY2025,IPF4976101,PSYCHIATRY,15354030.0,32,13,12470268.0,21,9,0,0,7
FY2021_FY2025,IPF4976101,PUBLIC HEALTH & PREV MEDICINE,25056159.0,34,12,10827689.0,14,6,0,0,8
FY2021_FY2025,IPF4976101,RADIATION-DIAGNOSTIC/ONCOLOGY,128123665.0,217,77,87850259.0,159,51,0,0,40
FY2021_FY2025,IPF4976101,SURGERY,13046060.0,19,8,11224532.0,17,7,0,0,6
FY2021_FY2025,IPF4976101,UROLOGY,203676.0,1,1,0.0,0,0,0,0,1
FY2021_FY2025,IPF1504801,ANESTHESIOLOGY,24889745.0,63,23,10446985.0,19,7,0,0,15
FY2021_FY2025,IPF1504801,BIOSTATISTICS & OTHER MATH SCI,11595198.0,16,6,1244593.0,4,2,0,0,1
FY2021_FY2025,IPF1504801,EMERGENCY MEDICINE,6568994.0,6,2,5573382.0,5,1,0,0,2
FY2021_FY2025,IPF1504801,INTERNAL MEDICINE/MEDICINE,343952289.0,616,228,208833097.0,336,114,0,0,113
FY2021_FY2025,IPF1504801,NEUROLOGY,108274210.0,204,70,47783820.0,91,28,0,0,38
FY2021_FY2025,IPF1504801,NEUROSURGERY,1538028.0,4,2,1051278.0,2,1,0,0,2
FY2021_FY2025,IPF1504801,OPHTHALMOLOGY,20288720.0,49,18,17809940.0,36,12,0,0,13
FY2021_FY2025,IPF1504801,ORTHOPEDICS,8465734.0,20,10,4316485.0,9,3,0,0,4
FY2021_FY2025,IPF1504801,OTHER BASIC SCIENCES,123537563.0,240,88,82886695.0,139,46,0,0,46
FY2021_FY2025,IPF1504801,OTOLARYNGOLOGY,9689904.0,19,6,9557199.0,18,5,0,0,3
FY2021_FY2025,IPF1504801,PATHOLOGY,31380976.0,56,20,17769307.0,37,12,0,0,10
FY2021_FY2025,IPF1504801,PEDIATRICS,145074174.0,267,92,73796374.0,121,35,0,0,56
FY2021_FY2025,IPF1504801,PLASTIC SURGERY,2483575.0,9,3,1358540.0,2,1,0,0,2
FY2021_FY2025,IPF1504801,PSYCHIATRY,21056922.0,23,8,13955784.0,13,4,0,0,4
FY2021_FY2025,IPF1504801,PUBLIC HEALTH & PREV MEDICINE,49831.0,1,1,49831.0,1,1,0,0,1
FY2021_FY2025,IPF1504801,RADIATION-DIAGNOSTIC/ONCOLOGY,44059759.0,71,28,28592931.0,51,19,0,0,9
FY2021_FY2025,IPF1504801,SURGERY,75642811.0,127,50,64559512.0,95,32,0,0,22
FY2021_FY2025,IPF1504801,UROLOGY,24153830.0,33,12,16058813.0,25,8,0,0,5
FY2021_FY2025,IPF5079202,DERMATOLOGY,4826691.0,14,5,4135290.0,9,2,0,0,2
FY2021_FY2025,IPF5079202,INTERNAL MEDICINE/MEDICINE,283047288.0,477,168,138611170.0,235,79,0,0,111
FY2021_FY2025,IPF5079202,NEUROLOGY,8278272.0,18,6,3990575.0,7,2,0,0,6
FY2021_FY2025,IPF5079202,NEUROSURGERY,2454197.0,4,2,1967447.0,3,1,0,0,1
FY2021_FY2025,IPF5079202,OTHER BASIC SCIENCES,248831907.0,442,151,147460321.0,275,87,0,0,82
FY2021_FY2025,IPF5079202,PATHOLOGY,13039336.0,32,13,5398035.0,8,4,0,0,8
FY2021_FY2025,IPF5079202,PEDIATRICS,6140093.0,11,4,1538728.0,2,1,0,0,3
FY2021_FY2025,IPF5079202,PLASTIC SURGERY,8653337.0,17,8,4712385.0,7,3,0,0,3
FY2021_FY2025,IPF5079202,PSYCHIATRY,41920706.0,84,30,25022588.0,38,15,0,0,18
FY2021_FY2025,IPF5079202,PUBLIC HEALTH & PREV MEDICINE,26370338.0,57,23,10841945.0,23,9,0,0,14
FY2021_FY2025,IPF5079202,RADIATION-DIAGNOSTIC/ONCOLOGY,82997582.0,139,46,51767189.0,87,27,0,0,22
FY2021_FY2025,IPF5079202,SURGERY,94895403.0,70,25,20436354.0,38,14,0,0,17
FY2021_FY2025,IPF5079202,UROLOGY,8403405.0,22,6,3959700.0,8,2,0,0,6
FY2021_FY2025,IPF615001,ANESTHESIOLOGY,11570198.0,33,15,9233718.0,19,5,0,0,10
FY2021_FY2025,IPF615001,EMERGENCY MEDICINE,3063312.0,6,3,2438058.0,3,1,0,0,3
FY2021_FY2025,IPF615001,INTERNAL MEDICINE/MEDICINE,312813809.0,550,203,163610288.0,302,111,0,0,107
FY2021_FY2025,IPF615001,NEUROLOGY,8894866.0,28,10,6422915.0,20,6,0,0,5
FY2021_FY2025,IPF615001,NEUROSURGERY,5463401.0,13,5,4598925.0,9,3,0,0,4
FY2021_FY2025,IPF615001,OPHTHALMOLOGY,6104516.0,16,7,4973721.0,12,4,0,0,5
FY2021_FY2025,IPF615001,ORTHOPEDICS,1168650.0,3,1,1168650.0,3,1,0,0,1
FY2021_FY2025,IPF615001,OTHER BASIC SCIENCES,56408730.0,124,60,34677058.0,59,20,0,0,37
FY2021_FY2025,IPF615001,OTOLARYNGOLOGY,490580.0,3,1,0.0,0,0,0,0,1
FY2021_FY2025,IPF615001,PATHOLOGY,62252.0,2,1,0.0,0,0,0,0,1
FY2021_FY2025,IPF615001,PEDIATRICS,240461013.0,437,161,162862199.0,279,90,0,0,81
FY2021_FY2025,IPF615001,PLASTIC SURGERY,11678879.0,22,10,6987785.0,11,6,0,0,4
FY2021_FY2025,IPF615001,PSYCHIATRY,13687669.0,16,5,5028692.0,8,2,0,0,3
FY2021_FY2025,IPF615001,PUBLIC HEALTH & PREV MEDICINE,57845023.0,31,10,7926931.0,15,5,0,0,9
FY2021_FY2025,IPF615001,RADIATION-DIAGNOSTIC/ONCOLOGY,7057239.0,12,5,6077956.0,10,3,0,0,4
FY2021_FY2025,IPF615001,SURGERY,9175748.0,21,6,7953748.0,17,5,0,0,5
FY2021_FY2025,IPF615001,UROLOGY,1954792.0,6,4,1954792.0,6,4,0,0,1
FY2021_FY2025,DFCI,BIOSTATISTICS & OTHER MATH SCI,88032899.0,72,24,15774121.0,36,10,0,0,16
FY2021_FY2025,DFCI,INTERNAL MEDICINE/MEDICINE,479231724.0,716,270,144123582.0,264,91,0,0,175
FY2021_FY2025,DFCI,OTHER BASIC SCIENCES,106480666.0,145,49,47953201.0,82,24,0,0,28
FY2021_FY2025,DFCI,PATHOLOGY,9542053.0,27,11,5054365.0,10,4,0,0,7
FY2021_FY2025,DFCI,PEDIATRICS,942428.0,2,1,942428.0,2,1,0,0,1
FY2021_FY2025,DFCI,PUBLIC HEALTH & PREV MEDICINE,13265698.0,27,5,8641215.0,17,3,0,0,3
FY2021_FY2025,DFCI,RADIATION-DIAGNOSTIC/ONCOLOGY,27959064.0,52,21,16244473.0,33,12,0,0,10
FY2021_FY2025,IPF1499101,ANESTHESIOLOGY,33268103.0,84,31,23799106.0,40,15,0,0,21
FY2021_FY2025,IPF1499101,EMERGENCY MEDICINE,5632137.0,11,3,4769805.0,7,2,0,0,2
FY2021_FY2025,IPF1499101,INTERNAL MEDICINE/MEDICINE,227510983.0,438,161,107070526.0,187,61,0,0,93
FY2021_FY2025,IPF1499101,NEUROLOGY,39869519.0,73,27,12752606.0,20,6,0,0,13
FY2021_FY2025,IPF1499101,NEUROSURGERY,61138193.0,33,5,0.0,0,0,0,0,2
FY2021_FY2025,IPF1499101,OPHTHALMOLOGY,4816780.0,8,4,1991559.0,3,1,0,0,2
FY2021_FY2025,IPF1499101,ORTHOPEDICS,12826558.0,32,14,10718278.0,22,8,0,0,6
FY2021_FY2025,IPF1499101,OTHER BASIC SCIENCES,67812651.0,123,52,34265705.0,50,20,0,0,28
FY2021_FY2025,IPF1499101,OTHER HEALTH PROFESSIONS,185854.0,1,1,0.0,0,0,0,0,1
FY2021_FY2025,IPF1499101,OTOLARYNGOLOGY,4074736.0,9,5,2615794.0,4,2,0,0,2
FY2021_FY2025,IPF1499101,PATHOLOGY,58971627.0,116,45,42549429.0,75,26,0,0,22
FY2021_FY2025,IPF1499101,PEDIATRICS,104185043.0,244,92,60052153.0,104,37,0,0,60
FY2021_FY2025,IPF1499101,PHYSICAL MEDICINE & REHAB,3014457.0,5,2,2999457.0,4,1,0,0,1
FY2021_FY2025,IPF1499101,PSYCHIATRY,35778161.0,55,20,19688329.0,28,9,0,0,13
FY2021_FY2025,IPF1499101,RADIATION-DIAGNOSTIC/ONCOLOGY,33385411.0,59,21,21402932.0,35,10,0,0,14
FY2021_FY2025,IPF1499101,SURGERY,27508983.0,21,9,7532909.0,13,6,0,0,3
FY2021_FY2025,IPF1499101,UROLOGY,5881580.0,11,5,3042221.0,5,2,0,0,2
FY2021_FY2025,BIDMC,ANESTHESIOLOGY,33542250.0,49,22,25652483.0,38,15,0,0,12
FY2021_FY2025,BIDMC,DERMATOLOGY,169885.0,2,1,0.0,0,0,0,0,1
FY2021_FY2025,BIDMC,EMERGENCY MEDICINE,1966574.0,5,4,777496.0,2,1,0,0,4
FY2021_FY2025,BIDMC,INTERNAL MEDICINE/MEDICINE,325541802.0,628,230,220928840.0,380,128,0,0,106
FY2021_FY2025,BIDMC,NEUROLOGY,91261276.0,104,47,45101093.0,64,27,0,0,27
FY2021_FY2025,BIDMC,OBSTETRICS & GYNECOLOGY,7693427.0,22,8,4278103.0,7,3,0,0,6
FY2021_FY2025,BIDMC,ORTHOPEDICS,5117821.0,16,7,3555084.0,7,2,0,0,5
FY2021_FY2025,BIDMC,OTHER BASIC SCIENCES,58876483.0,34,12,5310572.0,8,3,0,0,5
FY2021_FY2025,BIDMC,PATHOLOGY,49392124.0,87,32,29652745.0,53,20,0,0,20
FY2021_FY2025,BIDMC,PLASTIC SURGERY,7968187.0,10,2,2188750.0,5,1,0,0,1
FY2021_FY2025,BIDMC,PSYCHIATRY,10974234.0,32,10,8770784.0,19,5,0,0,9
FY2021_FY2025,BIDMC,RADIATION-DIAGNOSTIC/ONCOLOGY,1457304.0,5,3,1173375.0,3,1,0,0,3
FY2021_FY2025,BIDMC,SURGERY,30136591.0,53,23,18196402.0,30,13,0,0,11
FY2021_FY2025,BIDMC,UROLOGY,3677022.0,8,3,3677022.0,8,3,0,0,2
FY2021_FY2025,IPF1225501,BIOSTATISTICS & OTHER MATH SCI,11299453.0,23,9,7438441.0,12,5,0,0,5
FY2021_FY2025,IPF1225501,INTERNAL MEDICINE/MEDICINE,258914714.0,440,162,153720340.0,276,101,0,0,77
FY2021_FY2025,IPF1225501,NEUROLOGY,9330311.0,19,11,5219399.0,9,4,0,0,9
FY2021_FY2025,IPF1225501,NEUROSURGERY,20201523.0,34,14,10204850.0,20,6,0,0,8
FY2021_FY2025,IPF1225501,OBSTETRICS & GYNECOLOGY,2176242.0,7,3,1704774.0,5,2,0,0,3
FY2021_FY2025,IPF1225501,OPHTHALMOLOGY,8799552.0,22,6,8799552.0,22,6,0,0,1
FY2021_FY2025,IPF1225501,ORTHOPEDICS,2930337.0,5,3,1036360.0,2,1,0,0,1
FY2021_FY2025,IPF1225501,OTHER BASIC SCIENCES,19045589.0,38,16,17624601.0,33,12,0,0,6
FY2021_FY2025,IPF1225501,PATHOLOGY,21420227.0,41,19,18535533.0,32,14,0,0,10
FY2021_FY2025,IPF1225501,PEDIATRICS,7838603.0,8,7,2388976.0,4,4,0,0,3
FY2021_FY2025,IPF1225501,PHYSICAL MEDICINE & REHAB,129507.0,1,1,0.0,0,0,0,0,1
FY2021_FY2025,IPF1225501,PSYCHIATRY,3678409.0,3,1,0.0,0,0,0,0,1
FY2021_FY2025,IPF1225501,RADIATION-DIAGNOSTIC/ONCOLOGY,34813572.0,47,18,27826312.0,41,16,0,0,12
FY2021_FY2025,IPF1225501,SURGERY,5493250.0,10,7,5326250.0,9,6,0,0,6
FY2021_FY2025,IPF1225501,UROLOGY,25891195.0,57,20,23466901.0,49,16,0,0,11
FY2021_FY2025,IPF7893501,INTERNAL MEDICINE/MEDICINE,151368593.0,232,83,54667385.0,106,38,0,0,47
FY2021_FY2025,IPF7893501,OTHER BASIC SCIENCES,127997249.0,193,68,63125032.0,123,42,0,0,31
FY2021_FY2025,IPF7893501,PATHOLOGY,28432338.0,73,25,15826058.0,39,13,0,0,13
FY2021_FY2025,IPF7893501,PEDIATRICS,14128511.0,30,9,9905701.0,21,6,0,0,6
FY2021_FY2025,IPF7893501,PUBLIC HEALTH & PREV MEDICINE,51771309.0,48,18,16375829.0,24,11,0,0,10
FY2021_FY2025,IPF7893501,RADIATION-DIAGNOSTIC/ONCOLOGY,1364247.0,3,2,894735.0,1,1,0,0,2
FY2021_FY2025,IPF7893501,SURGERY,13270541.0,25,9,8913721.0,14,6,0,0,4
FY2021_FY2025,IPF1531401,ANESTHESIOLOGY,20667313.0,37,13,12692506.0,21,7,0,0,9
FY2021_FY2025,IPF1531401,INTERNAL MEDICINE/MEDICINE,158647083.0,244,99,98794545.0,130,48,0,0,49
FY2021_FY2025,IPF1531401,NEUROLOGY,112691.0,1,1,0.0,0,0,0,0,1
FY2021_FY2025,IPF1531401,OTHER BASIC SCIENCES,24240487.0,20,6,6655869.0,9,3,0,0,4
FY2021_FY2025,IPF1531401,OTOLARYNGOLOGY,66030.0,1,1,0.0,0,0,0,0,1
FY2021_FY2025,IPF1531401,PEDIATRICS,148342319.0,228,92,82943916.0,128,43,0,0,49
FY2021_FY2025,IPF1531401,PHYSICAL MEDICINE & REHAB,40602.0,1,1,0.0,0,0,0,0,1
FY2021_FY2025,IPF1531401,PSYCHIATRY,12019510.0,22,8,6967506.0,8,2,0,0,6
FY2021_FY2025,IPF1531401,PUBLIC HEALTH & PREV MEDICINE,220000.0,1,1,0.0,0,0,0,0,1
FY2021_FY2025,IPF1531401,UROLOGY,991567.0,2,1,991567.0,2,1,0,0,1
FY2021_FY2025,IPF3058203,BIOSTATISTICS & OTHER MATH SCI,1498200.0,4,3,1000200.0,2,2,0,0,1
FY2021_FY2025,IPF3058203,INTERNAL MEDICINE/MEDICINE,153705458.0,272,93,84342098.0,150,49,0,0,55
FY2021_FY2025,IPF3058203,NEUROSURGERY,2432492.0,5,3,2432492.0,5,3,0,0,1
FY2021_FY2025,IPF3058203,OBSTETRICS & GYNECOLOGY,951463.0,4,1,0.0,0,0,0,0,1
FY2021_FY2025,IPF3058203,OTHER BASIC SCIENCES,49307243.0,96,31,31168120.0,66,19,0,0,16
FY2021_FY2025,IPF3058203,OTHER HEALTH PROFESSIONS,2304382.0,8,2,0.0,0,0,0,0,1
FY2021_FY2025,IPF3058203,PATHOLOGY,4429415.0,12,5,3668744.0,8,2,0,0,4
FY2021_FY2025,IPF3058203,PEDIATRICS,12301183.0,23,7,11489056.0,20,5,0,0,4
FY2021_FY2025,IPF3058203,PLASTIC SURGERY,2049343.0,4,2,1961343.0,3,1,0,0,1
FY2021_FY2025,IPF3058203,RADIATION-DIAGNOSTIC/ONCOLOGY,11407786.0,27,10,8170151.0,16,7,0,0,6
FY2021_FY2025,IPF3058203,SURGERY,14312846.0,23,8,13424419.0,19,6,0,0,7
FY2021_FY2025,IPF1495302,ANESTHESIOLOGY,558158.0,3,1,0.0,0,0,0,0,1
FY2021_FY2025,IPF1495302,DENTISTRY,327492.0,2,1,0.0,0,0,0,0,1
FY2021_FY2025,IPF1495302,INTERNAL MEDICINE/MEDICINE,43610129.0,113,39,30150519.0,64,21,0,0,23
FY2021_FY2025,IPF1495302,NEUROLOGY,11633681.0,13,5,5044484.0,7,2,0,0,2
FY2021_FY2025,IPF1495302,NEUROSURGERY,750540.0,4,1,0.0,0,0,0,0,1
FY2021_FY2025,IPF1495302,OTHER BASIC SCIENCES,15617854.0,40,16,9362397.0,20,7,0,0,10
FY2021_FY2025,IPF1495302,OTOLARYNGOLOGY,3825651.0,7,2,3672010.0,6,1,0,0,1
FY2021_FY2025,IPF1495302,PATHOLOGY,11843510.0,6,1,0.0,0,0,0,0,1
FY2021_FY2025,IPF1495302,PEDIATRICS,80549451.0,135,56,46499352.0,87,33,0,0,32
FY2021_FY2025,IPF1495302,PSYCHIATRY,25469842.0,60,21,17657105.0,34,8,0,0,15
FY2021_FY2025,IPF1495302,SURGERY,17378298.0,40,12,13958180.0,32,9,0,0,5
FY2021_FY2025,IPF1495302,UROLOGY,1968075.0,9,4,1282681.0,3,1,0,0,2
FY2021_FY2025,IPF4976105,ANESTHESIOLOGY,1097230.0,3,2,1097230.0,3,2,0,0,1
FY2021_FY2025,IPF4976105,INTERNAL MEDICINE/MEDICINE,19709936.0,50,25,13521059.0,23,9,0,0,13
FY2021_FY2025,IPF4976105,NEUROLOGY,43168506.0,30,11,8677471.0,10,5,0,0,6
FY2021_FY2025,IPF4976105,NEUROSURGERY,402401.0,1,1,0.0,0,0,0,0,1
FY2021_FY2025,IPF4976105,OBSTETRICS & GYNECOLOGY,3519879.0,8,3,3229435.0,5,2,0,0,1
FY2021_FY2025,IPF4976105,OTHER BASIC SCIENCES,124802197.0,113,45,53352410.0,78,25,0,0,24
FY2021_FY2025,IPF4976105,OTHER HEALTH PROFESSIONS,1976864.0,3,1,1976864.0,3,1,0,0,1
FY2021_FY2025,IPF4976105,PATHOLOGY,140341.0,1,1,0.0,0,0,0,0,1
FY2021_FY2025,IPF4976105,PSYCHIATRY,157708.0,1,1,0.0,0,0,0,0,1
FY2021_FY2025,IPF4976105,PUBLIC HEALTH & PREV MEDICINE,4606504.0,11,3,3928280.0,7,2,0,0,2
FY2021_FY2025,IPF4976105,RADIATION-DIAGNOSTIC/ONCOLOGY,3279220.0,8,4,3279220.0,8,4,0,0,3
FY2021_FY2025,IPF3736101,BIOSTATISTICS & OTHER MATH SCI,11142084.0,24,12,4435145.0,11,5,0,0,9
FY2021_FY2025,IPF3736101,INTERNAL MEDICINE/MEDICINE,137606946.0,277,87,66026110.0,138,38,0,0,50
FY2021_FY2025,IPF3736101,OTHER BASIC SCIENCES,27935266.0,71,28,13910529.0,34,14,0,0,18
FY2021_FY2025,IPF3736101,PATHOLOGY,3142500.0,5,1,3142500.0,5,1,0,0,1
FY2021_FY2025,IPF3736101,PUBLIC HEALTH & PREV MEDICINE,29680018.0,45,20,18013057.0,25,11,0,0,14
FY2021_FY2025,IPF3736101,RADIATION-DIAGNOSTIC/ONCOLOGY,11175410.0,26,7,9182621.0,16,4,0,0,5
FY2021_FY2025,IPF10005742,BIOMEDICAL ENGINEERING,12773656.0,23,7,10361491.0,18,6,0,0,2
FY2021_FY2025,IPF10005742,BIOSTATISTICS & OTHER MATH SCI,1211217.0,3,1,0.0,0,0,0,0,1
FY2021_FY2025,IPF10005742,DENTISTRY,3075560.0,5,2,3075560.0,5,2,0,0,2
FY2021_FY2025,IPF10005742,INTERNAL MEDICINE/MEDICINE,64055874.0,125,48,47935707.0,94,32,0,0,20
FY2021_FY2025,IPF10005742,NEUROLOGY,12586684.0,24,9,9189953.0,19,6,0,0,5
FY2021_FY2025,IPF10005742,NEUROSURGERY,17363697.0,46,21,11585001.0,26,8,0,0,11
FY2021_FY2025,IPF10005742,OBSTETRICS & GYNECOLOGY,444125.0,1,1,0.0,0,0,0,0,1
FY2021_FY2025,IPF10005742,OPHTHALMOLOGY,150000.0,1,1,0.0,0,0,0,0,1
FY2021_FY2025,IPF10005742,ORTHOPEDICS,1080426.0,2,2,705334.0,1,1,0,0,1
FY2021_FY2025,IPF10005742,OTHER BASIC SCIENCES,452660.0,2,1,0.0,0,0,0,0,1
FY2021_FY2025,IPF10005742,PATHOLOGY,14803424.0,16,9,14803424.0,16,9,0,0,4
FY2021_FY2025,IPF10005742,RADIATION-DIAGNOSTIC/ONCOLOGY,1419213.0,3,3,588696.0,1,1,0,0,3
FY2021_FY2025,IPF10005742,SURGERY,27306458.0,50,19,25271360.0,44,14,0,0,8
FY2021_FY2025,IPF10005742,UROLOGY,10326642.0,22,8,4848006.0,13,4,0,0,3
FY2021_FY2025,IPF6959701,EMERGENCY MEDICINE,18036063.0,29,14,4517026.0,8,5,0,0,7
FY2021_FY2025,IPF6959701,INTERNAL MEDICINE/MEDICINE,51786228.0,81,37,23253361.0,33,14,0,0,19
FY2021_FY2025,IPF6959701,NEUROLOGY,2592630.0,4,1,2592630.0,4,1,0,0,1
FY2021_FY2025,IPF6959701,ORTHOPEDICS,16194852.0,39,18,12430367.0,24,8,0,0,8
FY2021_FY2025,IPF6959701,PATHOLOGY,318768.0,1,1,0.0,0,0,0,0,1
FY2021_FY2025,IPF6959701,PEDIATRICS,19801534.0,41,18,3881938.0,9,5,0,0,10
FY2021_FY2025,IPF6959701,PLASTIC SURGERY,1655630.0,5,1,1655630.0,5,1,0,0,1
FY2021_FY2025,IPF6959701,PSYCHIATRY,25342216.0,78,28,9987995.0,16,5,0,0,15
FY2021_FY2025,IPF6959701,RADIATION-DIAGNOSTIC/ONCOLOGY,330981.0,2,1,0.0,0,0,0,0,1
FY2021_FY2025,IPF6959701,SURGERY,17867914.0,50,18,7369187.0,11,5,0,0,9
FY2021_FY2025,IPF1520001,ANESTHESIOLOGY,6794050.0,20,9,4174531.0,6,3,0,0,4
FY2021_FY2025,IPF1520001,INTERNAL MEDICINE/MEDICINE,32410639.0,72,28,24518818.0,42,16,0,0,20
FY2021_FY2025,IPF1520001,NEUROLOGY,3035190.0,5,2,3035190.0,5,2,0,0,1
FY2021_FY2025,IPF1520001,NEUROSURGERY,581904.0,3,1,0.0,0,0,0,0,1
FY2021_FY2025,IPF1520001,OPHTHALMOLOGY,3077471.0,9,3,1681542.0,3,1,0,0,2
FY2021_FY2025,IPF1520001,ORTHOPEDICS,1051306.0,3,2,865056.0,2,1,0,0,1
FY2021_FY2025,IPF1520001,PATHOLOGY,254250.0,1,1,0.0,0,0,0,0,1
FY2021_FY2025,IPF1520001,PEDIATRICS,102217118.0,122,39,22559709.0,42,13,0,0,27
FY2021_FY2025,IPF1520001,PSYCHIATRY,339000.0,2,1,0.0,0,0,0,0,1
FY2021_FY2025,IPF1520001,RADIATION-DIAGNOSTIC/ONCOLOGY,4515913.0,12,4,3486315.0,5,1,0,0,3
FY2021_FY2025,IPF1520001,SURGERY,8721566.0,25,9,6866026.0,16,6,0,0,6
FY2021_FY2025,IPF1520001,UROLOGY,4910919.0,9,3,4910919.0,9,3,0,0,2
FY2021_FY2025,IPF1518602,EMERGENCY MEDICINE,955500.0,3,2,0.0,0,0,0,0,1
FY2021_FY2025,IPF1518602,INTERNAL MEDICINE/MEDICINE,20832134.0,63,28,11243484.0,18,7,0,0,17
FY2021_FY2025,IPF1518602,NEUROLOGY,6578300.0,12,3,0.0,0,0,0,0,2
FY2021_FY2025,IPF1518602,NEUROSURGERY,640087.0,4,1,0.0,0,0,0,0,1
FY2021_FY2025,IPF1518602,OTHER BASIC SCIENCES,69054169.0,153,62,36634423.0,71,26,0,0,37
FY2021_FY2025,IPF1518602,OTHER HEALTH PROFESSIONS,370393.0,1,1,370393.0,1,1,0,0,1
FY2021_FY2025,IPF1518602,PEDIATRICS,32593599.0,54,25,17570841.0,25,9,0,0,13
FY2021_FY2025,IPF1518602,PSYCHIATRY,6844828.0,24,8,4087103.0,8,3,0,0,6
FY2021_FY2025,IPF1518602,RADIATION-DIAGNOSTIC/ONCOLOGY,5132015.0,15,6,3158107.0,7,3,0,0,4
FY2021_FY2025,IPF1518602,SURGERY,22100589.0,49,20,19768694.0,33,11,0,0,12
FY2021_FY2025,IPF1518602,UROLOGY,574761.0,2,2,396261.0,1,1,0,0,1
FY2021_FY2025,IPF4155008,EMERGENCY MEDICINE,2931250.0,7,2,1256250.0,3,1,0,0,1
FY2021_FY2025,IPF4155008,INTERNAL MEDICINE/MEDICINE,16343761.0,37,17,10455130.0,20,7,0,0,9
FY2021_FY2025,IPF4155008,NEUROLOGY,460625.0,2,1,0.0,0,0,0,0,1
FY2021_FY2025,IPF4155008,NEUROSURGERY,1432934.0,3,2,1432934.0,3,2,0,0,1
FY2021_FY2025,IPF4155008,OTHER BASIC SCIENCES,18259167.0,43,15,9319766.0,23,7,0,0,9
FY2021_FY2025,IPF4155008,PEDIATRICS,162000.0,1,1,0.0,0,0,0,0,1
FY2021_FY2025,IPF4155008,PSYCHIATRY,26354069.0,47,20,19872396.0,25,11,0,0,11
FY2021_FY2025,IPF4155008,RADIATION-DIAGNOSTIC/ONCOLOGY,1014233.0,2,1,1014233.0,2,1,0,0,1
FY2021_FY2025,IPF3617301,FAMILY MEDICINE,1243098.0,7,3,0.0,0,0,0,0,3
FY2021_FY2025,IPF3617301,INTERNAL MEDICINE/MEDICINE,130022671.0,222,86,52067207.0,78,30,0,0,50
FY2021_FY2025,IPF3617301,NEUROLOGY,2344907.0,7,2,1315101.0,2,1,0,0,2
FY2021_FY2025,IPF3617301,OBSTETRICS & GYNECOLOGY,657622.0,2,2,468191.0,1,1,0,0,2
FY2021_FY2025,IPF3617301,OTOLARYNGOLOGY,2812745.0,4,1,2812745.0,4,1,0,0,1
FY2021_FY2025,IPF3617301,PEDIATRICS,13686086.0,32,17,11215672.0,16,9,0,0,12
FY2021_FY2025,IPF3617301,PSYCHIATRY,3905019.0,16,8,939784.0,1,1,0,0,6
FY2021_FY2025,IPF3617301,SURGERY,696928.0,5,1,0.0,0,0,0,0,1
FY2021_FY2025,IPF1525701,EMERGENCY MEDICINE,3621050.0,8,3,3240890.0,6,2,0,0,3
FY2021_FY2025,IPF1525701,INTERNAL MEDICINE/MEDICINE,46145388.0,79,39,22059443.0,25,13,0,0,31
FY2021_FY2025,IPF1525701,NEUROLOGY,450360.0,2,1,0.0,0,0,0,0,1
FY2021_FY2025,IPF1525701,ORTHOPEDICS,5878550.0,6,2,0.0,0,0,0,0,2
FY2021_FY2025,IPF1525701,OTHER BASIC SCIENCES,18969272.0,30,11,16391579.0,28,9,0,0,3
FY2021_FY2025,IPF1525701,OTOLARYNGOLOGY,2500831.0,4,1,2500831.0,4,1,0,0,1
FY2021_FY2025,IPF1525701,PEDIATRICS,40530696.0,79,32,18244163.0,22,10,0,0,24
FY2021_FY2025,IPF1525701,PSYCHIATRY,1771327.0,4,3,1413022.0,2,1,0,0,2
FY2021_FY2025,IPF1525701,SURGERY,13180043.0,31,13,9043545.0,17,7,0,0,7
FY2021_FY2025,IPF1525701,UROLOGY,1468458.0,5,2,708138.0,1,1,0,0,2
FY2021_FY2025,MEEI,OPHTHALMOLOGY,66449486.0,131,43,44304590.0,89,28,0,0,27
FY2021_FY2025,MEEI,OTHER BASIC SCIENCES,4973118.0,10,3,4973118.0,10,3,0,0,2
FY2021_FY2025,MEEI,OTOLARYNGOLOGY,92624873.0,154,44,45795405.0,95,26,0,0,26
FY2021_FY2025,MGB_CORE,ANESTHESIOLOGY,122253456.0,235,102,64698331.0,108,40,0,0,52
FY2021_FY2025,MGB_CORE,BIOSTATISTICS & OTHER MATH SCI,190545867.0,21,7,1691646.0,4,2,0,0,3
FY2021_FY2025,MGB_CORE,DENTISTRY,2411255.0,4,2,2148169.0,3,1,0,0,2
FY2021_FY2025,MGB_CORE,DERMATOLOGY,91505260.0,188,70,49232468.0,98,33,0,0,32
FY2021_FY2025,MGB_CORE,EMERGENCY MEDICINE,31972451.0,60,28,18701861.0,27,12,0,0,17
FY2021_FY2025,MGB_CORE,INTERNAL MEDICINE/MEDICINE,1658114407.0,3032,1099,992835042.0,1568,523,0,0,577
FY2021_FY2025,MGB_CORE,NEUROLOGY,759446806.0,837,316,303611837.0,425,141,0,0,169
FY2021_FY2025,MGB_CORE,NEUROSURGERY,53884193.0,104,42,38650787.0,76,31,0,0,21
FY2021_FY2025,MGB_CORE,OBSTETRICS & GYNECOLOGY,56294123.0,70,31,31623918.0,32,13,0,0,17
FY2021_FY2025,MGB_CORE,ORTHOPEDICS,26478951.0,57,20,22419044.0,39,11,0,0,9
FY2021_FY2025,MGB_CORE,OTHER BASIC SCIENCES,187028440.0,356,138,122246623.0,202,65,0,0,72
FY2021_FY2025,MGB_CORE,PATHOLOGY,155431643.0,282,112,81944925.0,143,51,0,0,62
FY2021_FY2025,MGB_CORE,PEDIATRICS,58066326.0,140,57,40768827.0,65,22,0,0,34
FY2021_FY2025,MGB_CORE,PLASTIC SURGERY,3700567.0,7,3,3216615.0,5,2,0,0,2
FY2021_FY2025,MGB_CORE,PSYCHIATRY,410105393.0,711,267,174541499.0,268,93,0,0,138
FY2021_FY2025,MGB_CORE,PUBLIC HEALTH & PREV MEDICINE,28971818.0,63,30,13412303.0,22,8,0,0,19
FY2021_FY2025,MGB_CORE,RADIATION-DIAGNOSTIC/ONCOLOGY,498652573.0,853,361,287997230.0,489,167,0,0,179
FY2021_FY2025,MGB_CORE,SURGERY,266033307.0,364,134,91866275.0,179,56,0,0,80
FY2021_FY2025,MGB_CORE,UROLOGY,7352093.0,20,8,4328068.0,12,4,0,0,4
