period,specialty,nih_org_dept,total_funding,award_years,distinct_projects,direct_cost,indirect_cost,award_years_missing_cost,r01_funding,r01_award_years,r01_distinct_projects,m_funding,m_award_years,m_distinct_projects,funding_R01,awards_R01,funding_R_OTHER,awards_R_OTHER,funding_U,awards_U,funding_P,awards_P,funding_K,awards_K,funding_T,awards_T,funding_F,awards_F,funding_M,awards_M,funding_OTHER,awards_OTHER,funding_UNMAPPED,awards_UNMAPPED,non_r01_funding,non_r01_award_years,funded_investigators,funded_contact_pis,funding_per_investigator,funding_per_project,mean_award_size,r01_funding_per_investigator,projects_per_investigator,r01_share_of_funding,rank_total_funding,rank_award_years,rank_distinct_projects,rank_r01_funding,rank_r01_award_years,rank_m_award_years,meets_intensity_floor,rank_funding_per_investigator,rank_total_funding_if_single_entity,rank_award_years_if_single_entity,rank_distinct_projects_if_single_entity,rank_r01_funding_if_single_entity,rank_r01_award_years_if_single_entity,rank_m_award_years_if_single_entity,is_ranked,n_ranked,rank_peer_set
FY2025,UNKNOWN,__MISSING__,11239002717.0,15757,11653,8486910899.0,3034478088.0,0,4552184480.0,6854,4889,0.0,0,0,4552184480.0,6854,2178080086.0,4073,2456997537.0,1537,686711414.0,343,338293875.0,1920,117234870.0,268,16477558.0,286,0.0,0,893022897.0,476,0.0,0,6686818237.0,8903,12160,8930,924260.0,964473.0,713270.0,374357.0,0.96,40.5,,,,,,,False,,,,,,,,False,44,NIH department values with a recorded department
FY2025,INTERNAL_MEDICINE,INTERNAL MEDICINE/MEDICINE,5017832914.0,7650,7068,3811665515.0,1407011825.0,0,2328346218.0,3635,3408,0.0,0,0,2328346218.0,3635,435536295.0,1004,1282952572.0,815,507235975.0,275,210007048.0,1020,165084902.0,363,23402869.0,457,0.0,0,65267035.0,81,0.0,0,2689486696.0,4015,7330,5254,684561.0,709937.0,655926.0,317646.0,0.96,46.4,1.0,1.0,1.0,1.0,1.0,1.0,True,2.0,,,,,,,True,44,NIH department values with a recorded department
FY2025,PUBLIC_HEALTH,PUBLIC HEALTH & PREV MEDICINE,1383180971.0,2238,1965,1103574954.0,348357159.0,0,635829457.0,1021,885,0.0,0,0,635829457.0,1021,147061898.0,377,355775268.0,251,114079297.0,74,44805400.0,256,34222021.0,88,5076868.0,113,0.0,0,46330762.0,58,0.0,0,747351514.0,1217,2358,1541,586591.0,703909.0,618043.0,269648.0,0.83,46.0,2.0,2.0,3.0,3.0,3.0,1.0,True,9.0,,,,,,,True,44,NIH department values with a recorded department
FY2025,PSYCHIATRY,PSYCHIATRY,1264435192.0,1905,1800,963492769.0,359508600.0,0,632773907.0,954,897,0.0,0,0,632773907.0,954,155007578.0,301,298137369.0,133,64988295.0,34,60574683.0,315,25829087.0,69,3627211.0,74,0.0,0,23497062.0,25,0.0,0,631661285.0,951,1957,1360,646109.0,702464.0,663746.0,323339.0,0.92,50.0,3.0,6.0,6.0,4.0,5.0,1.0,True,5.0,,,,,,,True,44,NIH department values with a recorded department
FY2025,UNCLASSIFIED,NONE,1244533626.0,2268,2111,935659405.0,330447807.0,0,545788720.0,914,857,0.0,0,0,545788720.0,914,200220801.0,501,183485518.0,127,174108770.0,78,39706621.0,227,30220426.0,71,14319862.0,306,0.0,0,56682908.0,44,0.0,0,698744906.0,1354,2527,1896,492495.0,589547.0,548736.0,215983.0,0.84,43.9,,,,,,,False,,,,,,,,False,44,NIH department values with a recorded department
FY2025,NEUROLOGY,NEUROLOGY,1112856765.0,1346,1266,885669028.0,311829352.0,0,454593332.0,651,608,0.0,0,0,454593332.0,651,147904082.0,180,325808637.0,168,126166553.0,41,31076647.0,172,18511617.0,40,4312232.0,84,0.0,0,4483665.0,10,0.0,0,658263433.0,695,1414,977,787027.0,879034.0,826788.0,321495.0,0.9,40.8,4.0,11.0,11.0,8.0,13.0,1.0,True,1.0,,,,,,,True,44,NIH department values with a recorded department
FY2025,PEDIATRICS,PEDIATRICS,1105568729.0,1894,1787,848630502.0,300947834.0,0,525974756.0,892,847,0.0,0,0,525974756.0,892,91579297.0,271,317148797.0,209,58100049.0,34,67156993.0,319,33137241.0,79,3816880.0,75,0.0,0,8654716.0,15,0.0,0,579593973.0,1002,1908,1364,579439.0,618673.0,583722.0,275668.0,0.94,47.6,5.0,7.0,7.0,6.0,6.0,1.0,True,10.0,,,,,,,True,44,NIH department values with a recorded department
FY2025,BASIC_SCIENCE,MICROBIOLOGY/IMMUN/VIROLOGY,1101295917.0,1961,1816,785004848.0,329763223.0,0,637882274.0,1000,927,0.0,0,0,637882274.0,1000,172103968.0,492,158978598.0,78,73881239.0,33,7625497.0,48,24925508.0,65,10770448.0,216,0.0,0,15128385.0,29,0.0,0,463413643.0,961,1661,1319,663032.0,606440.0,561599.0,384035.0,1.09,57.9,6.0,4.0,5.0,2.0,4.0,1.0,True,3.0,,,,,,,True,44,NIH department values with a recorded department
FY2025,BASIC_SCIENCE,BIOCHEMISTRY,1049956589.0,2169,2070,732186627.0,329319482.0,0,460869100.0,875,831,0.0,0,0,460869100.0,875,380239913.0,834,52756471.0,44,66142714.0,30,8812117.0,51,33336264.0,79,10015371.0,211,0.0,0,37784639.0,45,0.0,0,589087489.0,1294,1983,1651,529479.0,507225.0,484074.0,232410.0,1.04,43.9,7.0,3.0,2.0,7.0,7.0,1.0,True,24.0,,,,,,,True,44,NIH department values with a recorded department
FY2025,BASIC_SCIENCE,PHARMACOLOGY,1027001720.0,1952,1888,734708479.0,315567467.0,0,560850677.0,1035,993,0.0,0,0,560850677.0,1035,199430812.0,486,103423864.0,56,91653371.0,46,10197916.0,56,33335809.0,82,7912399.0,166,0.0,0,20196872.0,25,0.0,0,466151043.0,917,1905,1447,539109.0,543963.0,526128.0,294410.0,0.99,54.6,8.0,5.0,4.0,5.0,2.0,1.0,True,17.0,,,,,,,True,44,NIH department values with a recorded department
FY2025,PATHOLOGY,PATHOLOGY,850097524.0,1402,1348,625116598.0,250344487.0,0,441541624.0,752,732,0.0,0,0,441541624.0,752,88025038.0,215,173995726.0,117,77778242.0,34,15200962.0,74,25361398.0,56,6275149.0,128,0.0,0,21919385.0,26,0.0,0,408555900.0,650,1329,971,639652.0,630636.0,606346.0,332236.0,1.01,51.9,9.0,9.0,9.0,9.0,9.0,1.0,True,6.0,,,,,,,True,44,NIH department values with a recorded department
FY2025,BASIC_SCIENCE,BIOLOGY,800314316.0,1809,1688,567860521.0,239614433.0,0,329140375.0,669,603,0.0,0,0,329140375.0,669,298022310.0,765,56792369.0,40,46557493.0,27,7261745.0,44,33861789.0,77,7803793.0,154,0.0,0,20874442.0,33,0.0,0,471173941.0,1140,1764,1441,453693.0,474120.0,442407.0,186588.0,0.96,41.1,10.0,8.0,8.0,16.0,12.0,1.0,True,34.0,,,,,,,True,44,NIH department values with a recorded department
FY2025,BASIC_SCIENCE,GENETICS,740854108.0,1156,1073,539451958.0,221239192.0,0,282864598.0,496,464,0.0,0,0,282864598.0,496,146656602.0,299,203652695.0,122,25434207.0,14,6301879.0,36,18567263.0,38,5666439.0,118,0.0,0,51710425.0,33,0.0,0,457989510.0,660,1139,785,650443.0,690451.0,640877.0,248345.0,0.94,38.2,11.0,18.0,18.0,18.0,17.0,1.0,True,4.0,,,,,,,True,44,NIH department values with a recorded department
FY2025,RADIOLOGY_RADONC,RADIATION-DIAGNOSTIC/ONCOLOGY,682589382.0,1198,1150,483297581.0,208821563.0,0,440871113.0,759,725,0.0,0,0,440871113.0,759,68726626.0,171,67582983.0,75,55986557.0,30,11626391.0,68,8096366.0,27,2291715.0,48,0.0,0,27407631.0,20,0.0,0,241718269.0,439,1289,857,529550.0,593556.0,569774.0,342026.0,0.89,64.6,12.0,16.0,17.0,10.0,8.0,1.0,True,23.0,,,,,,,True,44,NIH department values with a recorded department
FY2025,BASIC_SCIENCE,NEUROSCIENCES,669678353.0,1385,1343,474486111.0,206966456.0,0,402312952.0,718,690,0.0,0,0,402312952.0,718,103974541.0,220,66362582.0,41,42631773.0,20,8961886.0,63,16979678.0,48,12498105.0,258,0.0,0,15956836.0,17,0.0,0,267365401.0,667,1311,1034,510815.0,498644.0,483522.0,306875.0,1.02,60.1,13.0,10.0,10.0,11.0,10.0,1.0,True,28.0,,,,,,,True,44,NIH department values with a recorded department
FY2025,BASIC_SCIENCE,ANATOMY/CELL BIOLOGY,601182303.0,1266,1189,413988575.0,190358588.0,0,331200285.0,614,574,0.0,0,0,331200285.0,614,150766348.0,313,50269273.0,41,25122369.0,15,7833010.0,52,14273281.0,36,8315964.0,176,0.0,0,13401773.0,19,0.0,0,269982018.0,652,1169,931,514271.0,505620.0,474868.0,283319.0,1.02,55.1,14.0,13.0,13.0,15.0,15.0,1.0,True,26.0,,,,,,,True,44,NIH department values with a recorded department
FY2025,ENGINEERING,ENGINEERING (ALL TYPES),600897938.0,1235,1178,445623181.0,171089355.0,0,334731684.0,632,604,0.0,0,0,334731684.0,632,147701709.0,405,66067635.0,62,20781282.0,11,2851625.0,26,9101057.0,29,2677969.0,51,0.0,0,16984977.0,19,0.0,0,266166254.0,603,1374,943,437335.0,510100.0,486557.0,243618.0,0.86,55.7,15.0,15.0,14.0,14.0,14.0,1.0,True,37.0,,,,,,,True,44,NIH department values with a recorded department
FY2025,SOCIAL_BEHAVIORAL,PSYCHOLOGY,568367593.0,1238,1172,431608741.0,157646772.0,0,343735730.0,612,561,0.0,0,0,343735730.0,612,99393552.0,269,54197330.0,36,33805505.0,21,17624123.0,99,11252997.0,34,7353578.0,163,0.0,0,1004778.0,4,0.0,0,224631863.0,626,1359,1027,418225.0,484955.0,459101.0,252933.0,0.86,60.5,16.0,14.0,15.0,13.0,16.0,1.0,True,39.0,,,,,,,True,44,NIH department values with a recorded department
FY2025,GENERAL_AND_UNSPECIFIED_SURGERY,SURGERY,562295301.0,918,881,407571378.0,167880399.0,0,296437235.0,478,457,0.0,0,0,296437235.0,478,44423272.0,128,115065077.0,88,59940594.0,26,16635485.0,87,21185033.0,59,2495799.0,44,0.0,0,6112806.0,8,0.0,0,265858066.0,440,993,663,566259.0,638247.0,612522.0,298527.0,0.89,52.7,17.0,20.0,20.0,17.0,18.0,1.0,True,12.0,,,,,,,True,44,NIH department values with a recorded department
FY2025,PHYSICAL_SCIENCE,CHEMISTRY,562062055.0,1319,1248,399980347.0,166128005.0,0,190092235.0,406,379,0.0,0,0,190092235.0,406,290816866.0,731,12228247.0,10,29993249.0,16,1220326.0,11,20566628.0,43,4498545.0,79,0.0,0,12645959.0,23,0.0,0,371969820.0,913,1227,1060,458078.0,450370.0,426127.0,154924.0,1.02,33.8,18.0,12.0,12.0,23.0,21.0,1.0,True,32.0,,,,,,,True,44,NIH department values with a recorded department
FY2025,BASIC_SCIENCE,PHYSIOLOGY,558840853.0,1196,1161,393101734.0,171591914.0,0,363607150.0,684,661,0.0,0,0,363607150.0,684,97199820.0,246,25663223.0,20,29118786.0,15,6694548.0,43,20515776.0,46,5735266.0,128,0.0,0,10306284.0,14,0.0,0,195233703.0,512,1113,866,502103.0,481344.0,467258.0,326691.0,1.04,65.1,19.0,17.0,16.0,12.0,11.0,1.0,True,29.0,,,,,,,True,44,NIH department values with a recorded department
FY2025,ENGINEERING,BIOMEDICAL ENGINEERING,466423997.0,961,920,341609062.0,130619416.0,0,266325421.0,477,457,0.0,0,0,266325421.0,477,94135027.0,244,57964840.0,57,17493915.0,10,2743145.0,23,10276076.0,32,4994007.0,101,0.0,0,12491566.0,17,0.0,0,200098576.0,484,1006,702,463642.0,506983.0,485353.0,264737.0,0.91,57.1,20.0,19.0,19.0,19.0,19.0,1.0,True,31.0,,,,,,,True,44,NIH department values with a recorded department
FY2025,UNCLASSIFIED,MISCELLANEOUS,465028357.0,756,694,369939923.0,127541666.0,0,232187312.0,379,343,0.0,0,0,232187312.0,379,63110491.0,174,106945559.0,52,22792447.0,20,8873716.0,52,10419744.0,22,1987151.0,40,0.0,0,18711937.0,17,0.0,0,232841045.0,377,881,591,527841.0,670070.0,615117.0,263550.0,0.79,49.9,,,,,,,False,,,,,,,,False,44,NIH department values with a recorded department
FY2025,QUANTITATIVE,BIOSTATISTICS & OTHER MATH SCI,426489505.0,747,702,355528396.0,117180678.0,0,170096687.0,323,305,0.0,0,0,170096687.0,323,69957049.0,186,149112075.0,95,6302641.0,3,5338863.0,36,14180910.0,30,2555000.0,64,0.0,0,8946280.0,10,0.0,0,256392818.0,424,894,599,477058.0,607535.0,570936.0,190265.0,0.79,39.9,21.0,23.0,24.0,24.0,24.0,1.0,True,30.0,,,,,,,True,44,NIH department values with a recorded department
FY2025,BASIC_SCIENCE,OTHER BASIC SCIENCES,407187577.0,767,743,289254210.0,127750757.0,0,205873821.0,387,376,0.0,0,0,205873821.0,387,91720333.0,206,55263104.0,46,36290970.0,18,5376454.0,31,5152566.0,14,2737734.0,56,0.0,0,4772595.0,9,0.0,0,201313756.0,380,766,599,531576.0,548032.0,530883.0,268765.0,0.97,50.6,22.0,22.0,21.0,22.0,23.0,1.0,True,22.0,,,,,,,True,44,NIH department values with a recorded department
FY2025,OTHER_HEALTH_PROF,OTHER HEALTH PROFESSIONS,393173018.0,793,740,301784520.0,106269777.0,0,234747448.0,404,365,0.0,0,0,234747448.0,404,56898762.0,166,56054847.0,29,14452339.0,10,13488194.0,90,10287736.0,29,2728156.0,58,0.0,0,4515536.0,7,0.0,0,158425570.0,389,904,645,434926.0,531315.0,495805.0,259676.0,0.82,59.7,23.0,21.0,22.0,20.0,22.0,1.0,True,38.0,,,,,,,True,44,NIH department values with a recorded department
FY2025,OPHTHALMIC_SURGERY,OPHTHALMOLOGY,347996040.0,739,708,253641213.0,103193105.0,0,230194797.0,456,435,0.0,0,0,230194797.0,456,30818049.0,100,30669874.0,33,19103117.0,27,13486436.0,60,5898132.0,35,960940.0,19,0.0,0,16864695.0,9,0.0,0,117801243.0,283,654,490,532104.0,491520.0,470901.0,351980.0,1.08,66.1,24.0,24.0,23.0,21.0,20.0,1.0,True,21.0,,,,,,,True,44,NIH department values with a recorded department
FY2025,OBGYN,OBSTETRICS & GYNECOLOGY,289408760.0,508,469,218292183.0,80270788.0,0,144966653.0,247,231,0.0,0,0,144966653.0,247,25221034.0,78,76374604.0,75,15459596.0,9,19861017.0,74,3077898.0,8,524750.0,12,0.0,0,3923208.0,5,0.0,0,144442107.0,261,543,355,532981.0,617076.0,569702.0,266974.0,0.86,50.1,25.0,25.0,25.0,26.0,26.0,1.0,True,20.0,,,,,,,True,44,NIH department values with a recorded department
FY2025,NEUROSURGERY,NEUROSURGERY,247507428.0,439,417,180739603.0,75028971.0,0,134078469.0,258,246,0.0,0,0,134078469.0,258,25233428.0,50,60807693.0,62,14336657.0,8,6409336.0,30,2106508.0,5,1073361.0,22,0.0,0,3461976.0,4,0.0,0,113428959.0,181,462,312,535730.0,593543.0,563798.0,290213.0,0.9,54.2,26.0,28.0,28.0,27.0,25.0,1.0,True,18.0,,,,,,,True,44,NIH department values with a recorded department
FY2025,ANESTHESIOLOGY,ANESTHESIOLOGY,244346503.0,444,434,175340421.0,71118189.0,0,148476330.0,245,240,0.0,0,0,148476330.0,245,35338820.0,83,31309965.0,20,5855879.0,2,12918066.0,56,8361045.0,23,742840.0,13,0.0,0,1343558.0,2,0.0,0,95870173.0,199,457,323,534675.0,563010.0,550330.0,324894.0,0.95,60.8,27.0,27.0,27.0,25.0,27.0,1.0,True,19.0,,,,,,,True,44,NIH department values with a recorded department
FY2025,VETERINARY,VETERINARY SCIENCES,217938206.0,398,382,158546183.0,63536628.0,0,108889852.0,189,181,0.0,0,0,108889852.0,189,35366212.0,108,22038632.0,26,40731744.0,13,2269362.0,15,6930512.0,26,1012703.0,19,0.0,0,699189.0,2,0.0,0,109048354.0,209,417,309,522634.0,570519.0,547583.0,261127.0,0.92,50.0,28.0,29.0,29.0,28.0,29.0,1.0,True,25.0,,,,,,,True,44,NIH department values with a recorded department
FY2025,DENTISTRY,DENTISTRY,200024806.0,457,440,148519574.0,57979878.0,0,103072002.0,201,194,0.0,0,0,103072002.0,201,31509975.0,109,45155431.0,40,2347500.0,1,6563885.0,35,8928874.0,20,2221884.0,49,0.0,0,225255.0,2,0.0,0,96952804.0,256,453,346,441556.0,454602.0,437691.0,227532.0,0.97,51.5,29.0,26.0,26.0,30.0,28.0,1.0,True,36.0,,,,,,,True,44,NIH department values with a recorded department
FY2025,SOCIAL_BEHAVIORAL,SOCIAL SCIENCES,190008748.0,346,285,145456791.0,51905146.0,0,93111223.0,173,132,0.0,0,0,93111223.0,173,15812672.0,66,50122109.0,19,13841268.0,19,4248532.0,28,7499733.0,19,760069.0,16,0.0,0,4613142.0,6,0.0,0,96897525.0,173,339,241,560498.0,666697.0,549158.0,274664.0,0.84,49.0,30.0,30.0,31.0,31.0,32.0,1.0,True,14.0,,,,,,,True,44,NIH department values with a recorded department
FY2025,OTOLARYNGOLOGY_HNS,OTOLARYNGOLOGY,183666557.0,325,313,134513953.0,52315312.0,0,106432809.0,181,176,0.0,0,0,106432809.0,181,18567064.0,51,14251434.0,20,25156771.0,7,6644854.0,37,2711948.0,9,1025733.0,18,0.0,0,8875944.0,2,0.0,0,77233748.0,144,332,244,553213.0,586794.0,565128.0,320581.0,0.94,57.9,31.0,31.0,30.0,29.0,30.0,1.0,True,15.0,,,,,,,True,44,NIH department values with a recorded department
FY2025,NUTRITION,NUTRITION,151818538.0,244,204,114443452.0,39142638.0,0,71346720.0,128,105,0.0,0,0,71346720.0,128,24593527.0,49,44333784.0,23,4636998.0,4,2332447.0,17,4126390.0,12,448671.0,10,0.0,0,1.0,1,0.0,0,80471818.0,116,253,175,600073.0,744209.0,622207.0,282003.0,0.81,47.0,32.0,34.0,35.0,34.0,34.0,1.0,True,8.0,,,,,,,True,44,NIH department values with a recorded department
FY2025,EMERGENCY_MEDICINE,EMERGENCY MEDICINE,139919908.0,221,207,122514752.0,35726715.0,0,51953129.0,78,74,0.0,0,0,51953129.0,78,23790879.0,45,40212280.0,29,8553481.0,3,13847640.0,58,1252667.0,5,39842.0,2,0.0,0,269990.0,1,0.0,0,87966779.0,143,248,163,564193.0,675942.0,633122.0,209488.0,0.83,37.1,33.0,35.0,34.0,36.0,37.0,1.0,True,13.0,,,,,,,True,44,NIH department values with a recorded department
FY2025,FAMILY_MEDICINE,FAMILY MEDICINE,121069642.0,210,188,92648157.0,31566085.0,0,56395678.0,99,85,0.0,0,0,56395678.0,99,15224909.0,41,30092908.0,21,8155480.0,4,5808388.0,34,1780613.0,5,127942.0,3,0.0,0,3483724.0,3,0.0,0,64673964.0,111,237,155,510842.0,643987.0,576522.0,237956.0,0.79,46.6,34.0,36.0,36.0,35.0,35.0,1.0,True,27.0,,,,,,,True,44,NIH department values with a recorded department
FY2025,DERMATOLOGY,DERMATOLOGY,118360036.0,245,237,82165070.0,37774726.0,0,75934346.0,130,125,0.0,0,0,75934346.0,130,6708992.0,27,14762427.0,16,8717017.0,7,5761242.0,36,3221859.0,10,717401.0,15,0.0,0,2536752.0,4,0.0,0,42425690.0,115,218,161,542936.0,499409.0,483102.0,348323.0,1.09,64.2,35.0,33.0,33.0,33.0,33.0,1.0,True,16.0,,,,,,,True,44,NIH department values with a recorded department
FY2025,ORTHOPEDIC_SURGERY,ORTHOPEDICS,117120155.0,294,265,81699059.0,36884599.0,0,86801310.0,181,167,0.0,0,0,86801310.0,181,9842004.0,39,6621606.0,20,8258891.0,9,2100352.0,17,2478492.0,10,1017500.0,18,0.0,0,0.0,0,0.0,0,30318845.0,113,264,193,443637.0,441963.0,398368.0,328793.0,1.0,74.1,36.0,32.0,32.0,32.0,30.0,1.0,True,35.0,,,,,,,True,44,NIH department values with a recorded department
FY2025,UROLOGY,UROLOGY,73557098.0,142,136,52063557.0,22689678.0,0,45536197.0,80,78,0.0,0,0,45536197.0,80,6984514.0,18,6891706.0,9,7763381.0,6,4355867.0,21,1681731.0,4,122047.0,3,0.0,0,221655.0,1,0.0,0,28020901.0,62,161,111,456876.0,540861.0,518008.0,282834.0,0.84,61.9,37.0,38.0,37.0,37.0,36.0,1.0,True,33.0,,,,,,,True,44,NIH department values with a recorded department
FY2025,PHYSICAL_SCIENCE,PHYSICS,66847916.0,133,127,49173286.0,18620241.0,0,17998925.0,36,35,0.0,0,0,17998925.0,36,31387139.0,74,12731090.0,8,0.0,0,0.0,0,1472692.0,4,304320.0,7,0.0,0,2953750.0,4,0.0,0,48848991.0,97,166,118,402698.0,526362.0,502616.0,108427.0,0.77,26.9,38.0,39.0,39.0,40.0,40.0,1.0,True,42.0,,,,,,,True,44,NIH department values with a recorded department
FY2025,PMR,PHYSICAL MEDICINE & REHAB,64300449.0,145,129,49449726.0,16549791.0,0,35359362.0,73,62,0.0,0,0,35359362.0,73,4816070.0,22,17629040.0,12,0.0,0,3689757.0,23,1433025.0,6,391694.0,8,0.0,0,981501.0,1,0.0,0,28941087.0,72,157,112,409557.0,498453.0,443451.0,225219.0,0.82,55.0,39.0,37.0,38.0,38.0,38.0,1.0,True,41.0,,,,,,,True,44,NIH department values with a recorded department
FY2025,ADMINISTRATION,ADMINISTRATION,51481449.0,88,70,37125308.0,14996379.0,0,30014980.0,47,34,0.0,0,0,30014980.0,47,6532923.0,17,609646.0,1,10315362.0,4,553906.0,4,1795285.0,8,178955.0,4,0.0,0,1480392.0,3,0.0,0,21466469.0,41,83,55,620258.0,735449.0,585016.0,361626.0,0.84,58.3,40.0,40.0,40.0,39.0,39.0,1.0,True,7.0,,,,,,,True,44,NIH department values with a recorded department
FY2025,BASIC_SCIENCE,ZOOLOGY,21122798.0,46,45,15687165.0,6248176.0,0,10325416.0,19,18,0.0,0,0,10325416.0,19,7465023.0,21,0.0,0,2726584.0,2,248490.0,2,279245.0,1,78040.0,1,0.0,0,0.0,0,0.0,0,10797382.0,27,51,39,414173.0,469396.0,459191.0,202459.0,0.88,48.9,41.0,41.0,41.0,41.0,41.0,1.0,True,40.0,,,,,,,True,44,NIH department values with a recorded department
FY2025,BASIC_SCIENCE,BIOPHYSICS,17786684.0,37,36,13958290.0,5858680.0,0,6427064.0,12,12,0.0,0,0,6427064.0,12,6573856.0,14,1295391.0,2,2556214.0,1,253737.0,2,0.0,0,295422.0,5,0.0,0,385000.0,1,0.0,0,11359620.0,25,31,28,573764.0,494075.0,480721.0,207325.0,1.16,36.1,42.0,42.0,42.0,42.0,42.0,1.0,True,11.0,,,,,,,True,44,NIH department values with a recorded department
FY2025,OTHER_CLINICAL,OTHER CLINICAL SCIENCES,11290701.0,29,29,8146192.0,3144509.0,0,5534263.0,12,12,0.0,0,0,5534263.0,12,2813440.0,5,0.0,0,0.0,0,748798.0,5,738660.0,3,95556.0,2,0.0,0,1359984.0,2,0.0,0,5756438.0,17,29,27,389335.0,389335.0,389335.0,190837.0,1.0,49.0,43.0,43.0,43.0,43.0,42.0,1.0,True,43.0,,,,,,,True,44,NIH department values with a recorded department
FY2025,PLASTIC_SURGERY,PLASTIC SURGERY,1066636.0,4,4,801368.0,265268.0,0,507876.0,1,1,0.0,0,0,507876.0,1,395140.0,2,0.0,0,0.0,0,163620.0,1,0.0,0,0.0,0,0.0,0,0.0,0,0.0,0,558760.0,3,4,3,266659.0,266659.0,266659.0,126969.0,1.0,47.6,44.0,44.0,44.0,44.0,44.0,1.0,False,,,,,,,,True,44,NIH department values with a recorded department
