period,specialty,nih_org_dept,total_funding,award_years,distinct_projects,direct_cost,indirect_cost,award_years_missing_cost,r01_funding,r01_award_years,r01_distinct_projects,m_funding,m_award_years,m_distinct_projects,funding_R01,awards_R01,funding_R_OTHER,awards_R_OTHER,funding_U,awards_U,funding_P,awards_P,funding_K,awards_K,funding_T,awards_T,funding_F,awards_F,funding_M,awards_M,funding_OTHER,awards_OTHER,funding_UNMAPPED,awards_UNMAPPED,non_r01_funding,non_r01_award_years,funded_investigators,funded_contact_pis,funding_per_investigator,funding_per_project,mean_award_size,r01_funding_per_investigator,projects_per_investigator,r01_share_of_funding,rank_total_funding,rank_award_years,rank_distinct_projects,rank_r01_funding,rank_r01_award_years,rank_m_award_years,meets_intensity_floor,rank_funding_per_investigator,is_ranked,n_ranked,rank_peer_set
FY2024_FY2025,UNKNOWN,__MISSING__,22442986032.0,32376,15909,17178343452.0,5931030642.0,8,8874701430.0,14155,6136,0.0,0,0,8874701430.0,14155,4252580898.0,8384,4871772190.0,3053,1387133721.0,717,692550151.0,3967,233892093.0,543,32908634.0,567,0.0,0,2097446915.0,990,0.0,0,13568284602.0,18221,15559,11531,1442444.0,1410710.0,693198.0,570390.0,1.02,39.5,,,,,,,False,,False,44,NIH department values with a recorded department
FY2024_FY2025,INTERNAL_MEDICINE,INTERNAL MEDICINE/MEDICINE,10057817645.0,15598,9100,7732193171.0,2758652985.0,0,4464087228.0,7397,4269,0.0,0,0,4464087228.0,7397,833864254.0,2068,2634575819.0,1605,1036128528.0,624,419124391.0,2061,332138144.0,736,46138878.0,919,0.0,0,291760403.0,188,0.0,0,5593730417.0,8201,8909,6368,1128950.0,1105255.0,644815.0,501076.0,1.02,44.4,1.0,1.0,1.0,1.0,1.0,1.0,True,2.0,True,44,NIH department values with a recorded department
FY2024_FY2025,PUBLIC_HEALTH,PUBLIC HEALTH & PREV MEDICINE,2864114084.0,4714,2674,2279529027.0,718157373.0,0,1280413519.0,2086,1134,0.0,0,0,1280413519.0,2086,301276036.0,815,737469350.0,500,284839268.0,174,92683080.0,537,80228097.0,201,11462719.0,260,0.0,0,75742015.0,141,0.0,0,1583700565.0,2628,2993,1986,956938.0,1071097.0,607576.0,427803.0,0.89,44.7,2.0,2.0,3.0,3.0,4.0,1.0,True,8.0,True,44,NIH department values with a recorded department
FY2024_FY2025,UNCLASSIFIED,NONE,2529408855.0,4995,3008,1915584747.0,670085994.0,0,1106802753.0,1939,1109,0.0,0,0,1106802753.0,1939,394515142.0,1101,360801323.0,267,376400002.0,178,84959562.0,508,63610832.0,156,34169358.0,750,0.0,0,108149883.0,96,0.0,0,1422606102.0,3056,3453,2657,732525.0,840894.0,506388.0,320534.0,0.87,43.8,,,,,,,False,,False,44,NIH department values with a recorded department
FY2024_FY2025,PSYCHIATRY,PSYCHIATRY,2495415688.0,3965,2363,1911281877.0,705795107.0,0,1320140507.0,2010,1143,0.0,0,0,1320140507.0,2010,264753084.0,610,555619602.0,267,134063822.0,70,121240406.0,657,50691414.0,137,7935312.0,162,0.0,0,40971541.0,52,0.0,0,1175275181.0,1955,2359,1659,1057828.0,1056037.0,629361.0,559619.0,1.0,52.9,3.0,6.0,6.0,2.0,5.0,1.0,True,4.0,True,44,NIH department values with a recorded department
FY2024_FY2025,BASIC_SCIENCE,MICROBIOLOGY/IMMUN/VIROLOGY,2255327324.0,4149,2489,1625992985.0,655278924.0,0,1230726651.0,2139,1195,0.0,0,0,1230726651.0,2139,333165363.0,1028,425183394.0,178,138188977.0,67,14573842.0,93,51974147.0,134,21378086.0,432,0.0,0,40136864.0,78,0.0,0,1024600673.0,2010,2098,1631,1074989.0,906118.0,543583.0,586619.0,1.19,54.6,4.0,4.0,5.0,4.0,3.0,1.0,True,3.0,True,44,NIH department values with a recorded department
FY2024_FY2025,PEDIATRICS,PEDIATRICS,2191505743.0,3914,2315,1680130438.0,590727719.0,0,1035693610.0,1851,1059,0.0,0,0,1035693610.0,1851,185962759.0,564,624224677.0,424,117843272.0,68,139202909.0,674,63057866.0,155,7179858.0,146,0.0,0,18340792.0,32,0.0,0,1155812133.0,2063,2331,1672,940157.0,946655.0,559915.0,444313.0,0.99,47.3,5.0,7.0,7.0,6.0,7.0,1.0,True,9.0,True,44,NIH department values with a recorded department
FY2024_FY2025,NEUROLOGY,NEUROLOGY,2167147077.0,2786,1712,1709553652.0,591492410.0,0,956618481.0,1359,792,0.0,0,0,956618481.0,1359,249932347.0,392,606354542.0,309,232850303.0,85,63794316.0,355,33829937.0,81,9076650.0,182,0.0,0,14690501.0,23,0.0,0,1210528596.0,1427,1745,1223,1241918.0,1265857.0,777870.0,548205.0,0.98,44.1,6.0,12.0,11.0,7.0,13.0,1.0,True,1.0,True,44,NIH department values with a recorded department
FY2024_FY2025,BASIC_SCIENCE,BIOCHEMISTRY,2092996400.0,4622,2676,1471023401.0,645908869.0,0,927221703.0,1964,1090,0.0,0,0,927221703.0,1964,696085958.0,1690,155575859.0,99,131447523.0,77,17781546.0,105,67025096.0,153,20477414.0,431,0.0,0,77381301.0,103,0.0,0,1165774697.0,2658,2458,2023,851504.0,782136.0,452833.0,377226.0,1.09,44.3,7.0,3.0,2.0,8.0,6.0,1.0,True,18.0,True,44,NIH department values with a recorded department
FY2024_FY2025,BASIC_SCIENCE,PHARMACOLOGY,2018503170.0,4084,2514,1457077070.0,615716103.0,0,1099093302.0,2191,1265,0.0,0,0,1099093302.0,2191,368762544.0,993,210940723.0,121,188663379.0,101,21498718.0,118,65971304.0,163,15983480.0,343,0.0,0,47589720.0,54,0.0,0,919409868.0,1893,2381,1804,847754.0,802905.0,494247.0,461610.0,1.06,54.5,8.0,5.0,4.0,5.0,2.0,1.0,True,20.0,True,44,NIH department values with a recorded department
FY2024_FY2025,PATHOLOGY,PATHOLOGY,1667546166.0,2935,1764,1231488675.0,498369080.0,0,867430122.0,1575,908,0.0,0,0,867430122.0,1575,171579664.0,464,354775369.0,239,138586190.0,66,31970582.0,151,50182768.0,116,12284594.0,260,0.0,0,40736877.0,64,0.0,0,800116044.0,1360,1634,1205,1020530.0,945321.0,568159.0,530863.0,1.08,52.0,9.0,9.0,10.0,9.0,8.0,1.0,True,6.0,True,44,NIH department values with a recorded department
FY2024_FY2025,BASIC_SCIENCE,BIOLOGY,1592412513.0,3894,2292,1139858250.0,471283381.0,0,669639697.0,1470,783,0.0,0,0,669639697.0,1470,572646983.0,1590,108173082.0,91,94772572.0,69,15829149.0,100,74404992.0,178,15886872.0,311,0.0,0,41059166.0,85,0.0,0,922772816.0,2424,2312,1858,688760.0,694770.0,408940.0,289637.0,0.99,42.1,10.0,8.0,8.0,14.0,11.0,1.0,True,37.0,True,44,NIH department values with a recorded department
FY2024_FY2025,BASIC_SCIENCE,GENETICS,1447223340.0,2440,1410,1056358360.0,438641511.0,0,590141057.0,1084,594,0.0,0,0,590141057.0,1084,277908505.0,631,385591170.0,231,52898624.0,33,13277914.0,84,37447187.0,79,11331357.0,241,0.0,0,78627526.0,57,0.0,0,857082283.0,1356,1422,977,1017738.0,1026400.0,593124.0,415008.0,0.99,40.8,11.0,18.0,18.0,17.0,17.0,1.0,True,7.0,True,44,NIH department values with a recorded department
FY2024_FY2025,RADIOLOGY_RADONC,RADIATION-DIAGNOSTIC/ONCOLOGY,1357102605.0,2453,1487,967838348.0,416625519.0,0,861901798.0,1569,891,0.0,0,0,861901798.0,1569,130836835.0,351,160595720.0,156,116027589.0,67,21665054.0,132,15126578.0,53,3958736.0,85,0.0,0,46990295.0,40,0.0,0,495200807.0,884,1554,1029,873296.0,912645.0,553242.0,554634.0,0.96,63.5,12.0,17.0,17.0,10.0,9.0,1.0,True,17.0,True,44,NIH department values with a recorded department
FY2024_FY2025,BASIC_SCIENCE,NEUROSCIENCES,1336342114.0,2877,1803,945233165.0,409793106.0,0,818243520.0,1503,865,0.0,0,0,818243520.0,1503,196118116.0,467,127126310.0,79,84204040.0,42,19537114.0,141,32820111.0,94,25063046.0,519,0.0,0,33229857.0,32,0.0,0,518098594.0,1374,1647,1315,811380.0,741177.0,464492.0,496808.0,1.09,61.2,13.0,11.0,9.0,11.0,10.0,1.0,True,24.0,True,44,NIH department values with a recorded department
FY2024_FY2025,BASIC_SCIENCE,ANATOMY/CELL BIOLOGY,1200925739.0,2700,1624,842170379.0,374688410.0,0,656737408.0,1327,760,0.0,0,0,656737408.0,1327,289193749.0,682,105887850.0,90,57212241.0,35,15476961.0,99,29267941.0,75,16704859.0,350,0.0,0,30444730.0,42,0.0,0,544188331.0,1373,1515,1189,792690.0,739486.0,444787.0,433490.0,1.07,54.7,14.0,14.0,14.0,15.0,14.0,1.0,True,29.0,True,44,NIH department values with a recorded department
FY2024_FY2025,ENGINEERING,ENGINEERING (ALL TYPES),1177783446.0,2608,1601,874098792.0,332637233.0,0,647429346.0,1326,758,0.0,0,0,647429346.0,1326,287509399.0,862,134701961.0,131,44318164.0,24,8511206.0,66,18673671.0,59,5303317.0,106,0.0,0,31336382.0,34,0.0,0,530354100.0,1282,1760,1215,669195.0,735655.0,451604.0,367858.0,0.91,55.0,15.0,15.0,15.0,16.0,15.0,1.0,True,40.0,True,44,NIH department values with a recorded department
FY2024_FY2025,SOCIAL_BEHAVIORAL,PSYCHOLOGY,1154608372.0,2718,1641,876989013.0,319875175.0,0,697857661.0,1303,696,0.0,0,0,697857661.0,1303,196010898.0,624,109590430.0,78,73895249.0,46,34118370.0,204,22788703.0,69,17520893.0,382,0.0,0,2826168.0,12,0.0,0,456750711.0,1415,1788,1392,645754.0,703600.0,424801.0,390301.0,0.92,60.4,16.0,13.0,13.0,13.0,16.0,1.0,True,41.0,True,44,NIH department values with a recorded department
FY2024_FY2025,PHYSICAL_SCIENCE,CHEMISTRY,1142875453.0,2929,1652,820580645.0,329634743.0,0,393504427.0,943,508,0.0,0,0,393504427.0,943,569852340.0,1573,31364592.0,24,61624563.0,36,2434151.0,21,44365753.0,100,9660604.0,172,0.0,0,30069023.0,60,0.0,0,749371026.0,1986,1590,1337,718790.0,691813.0,390193.0,247487.0,1.04,34.4,17.0,10.0,12.0,23.0,21.0,1.0,True,34.0,True,44,NIH department values with a recorded department
FY2024_FY2025,BASIC_SCIENCE,PHYSIOLOGY,1140707809.0,2515,1532,809367490.0,345071997.0,0,724943583.0,1445,839,0.0,0,0,724943583.0,1445,182988071.0,510,89665413.0,46,60911185.0,33,12294057.0,81,41165468.0,95,12638226.0,280,0.0,0,16101806.0,25,0.0,0,415764226.0,1070,1406,1108,811314.0,744587.0,453562.0,515607.0,1.09,63.6,18.0,16.0,16.0,12.0,12.0,1.0,True,25.0,True,44,NIH department values with a recorded department
FY2024_FY2025,GENERAL_AND_UNSPECIFIED_SURGERY,SURGERY,1090810390.0,1908,1129,799990474.0,324392919.0,0,562134780.0,980,561,0.0,0,0,562134780.0,980,88875328.0,283,231678894.0,180,119398454.0,60,31969446.0,171,42579209.0,122,5580148.0,99,0.0,0,8594131.0,13,0.0,0,528675610.0,928,1214,818,898526.0,966174.0,571704.0,463043.0,0.93,51.5,19.0,20.0,20.0,18.0,19.0,1.0,True,12.0,True,44,NIH department values with a recorded department
FY2024_FY2025,UNCLASSIFIED,MISCELLANEOUS,935133370.0,1609,952,729672297.0,254873102.0,0,449340682.0,773,422,0.0,0,0,449340682.0,773,119396223.0,369,240605073.0,118,47773084.0,50,17770409.0,110,20899750.0,46,5341497.0,105,0.0,0,34006652.0,38,0.0,0,485792688.0,836,1169,801,799943.0,982283.0,581189.0,384380.0,0.81,48.1,,,,,,,False,,False,44,NIH department values with a recorded department
FY2024_FY2025,ENGINEERING,BIOMEDICAL ENGINEERING,902854739.0,1999,1227,661672980.0,255457005.0,0,524436846.0,1013,582,0.0,0,0,524436846.0,1013,170391361.0,487,114974354.0,120,34828700.0,23,5849006.0,49,19470467.0,64,9831654.0,210,0.0,0,23072351.0,33,0.0,0,378417893.0,986,1268,887,712031.0,735823.0,451653.0,413594.0,0.97,58.1,20.0,19.0,19.0,19.0,18.0,1.0,True,35.0,True,44,NIH department values with a recorded department
FY2024_FY2025,QUANTITATIVE,BIOSTATISTICS & OTHER MATH SCI,891453691.0,1552,946,718166953.0,236357081.0,0,341532924.0,664,386,0.0,0,0,341532924.0,664,149034876.0,382,327483495.0,195,12589347.0,7,11732195.0,77,28740649.0,63,6000529.0,145,0.0,0,14339676.0,19,0.0,0,549920767.0,888,1146,777,777883.0,942340.0,574390.0,298022.0,0.83,38.3,21.0,23.0,23.0,24.0,24.0,1.0,True,30.0,True,44,NIH department values with a recorded department
FY2024_FY2025,BASIC_SCIENCE,OTHER BASIC SCIENCES,824250652.0,1673,1046,590591212.0,251094185.0,0,419429484.0,842,502,0.0,0,0,419429484.0,842,167419521.0,442,105653612.0,95,79815811.0,47,11317710.0,70,12190559.0,37,5634506.0,117,0.0,0,22789449.0,23,0.0,0,404821168.0,831,1031,810,799467.0,788003.0,492678.0,406818.0,1.01,50.9,22.0,22.0,21.0,22.0,23.0,1.0,True,27.0,True,44,NIH department values with a recorded department
FY2024_FY2025,OTHER_HEALTH_PROF,OTHER HEALTH PROFESSIONS,792201267.0,1705,1021,602825234.0,215557048.0,0,482815050.0,872,476,0.0,0,0,482815050.0,872,116813003.0,368,98864311.0,61,29029466.0,21,27252901.0,183,21926408.0,63,5743703.0,121,0.0,0,9756425.0,16,0.0,0,309386217.0,833,1178,857,672497.0,775907.0,464634.0,409860.0,0.87,60.9,23.0,21.0,22.0,20.0,22.0,1.0,True,38.0,True,44,NIH department values with a recorded department
FY2024_FY2025,OPHTHALMIC_SURGERY,OPHTHALMOLOGY,694883926.0,1525,894,505659800.0,206739303.0,0,460579044.0,945,528,0.0,0,0,460579044.0,945,60630596.0,194,70951170.0,73,38870926.0,58,27661106.0,122,11174954.0,65,2657631.0,53,0.0,0,22358499.0,15,0.0,0,234304882.0,580,778,588,893167.0,777275.0,455662.0,592004.0,1.15,66.3,24.0,24.0,24.0,21.0,20.0,1.0,True,16.0,True,44,NIH department values with a recorded department
FY2024_FY2025,OBGYN,OBSTETRICS & GYNECOLOGY,563778162.0,1032,600,424710769.0,154268307.0,0,280435185.0,504,288,0.0,0,0,280435185.0,504,47863864.0,159,144783714.0,145,31462053.0,21,36920558.0,142,6851205.0,17,1192785.0,27,0.0,0,14268798.0,17,0.0,0,283342977.0,528,665,434,847787.0,939630.0,546297.0,421707.0,0.9,49.7,25.0,25.0,25.0,25.0,26.0,1.0,True,19.0,True,44,NIH department values with a recorded department
FY2024_FY2025,ANESTHESIOLOGY,ANESTHESIOLOGY,494025394.0,926,553,354766299.0,143898759.0,0,278936650.0,487,280,0.0,0,0,278936650.0,487,91949758.0,181,63053666.0,45,11860719.0,4,25994632.0,119,16088983.0,47,1985152.0,39,0.0,0,4155834.0,4,0.0,0,215088744.0,439,550,394,898228.0,893355.0,533505.0,507158.0,1.01,56.5,26.0,28.0,28.0,26.0,27.0,1.0,True,13.0,True,44,NIH department values with a recorded department
FY2024_FY2025,NEUROSURGERY,NEUROSURGERY,493778260.0,939,567,361472629.0,150768510.0,0,273705049.0,560,319,0.0,0,0,273705049.0,560,56395806.0,124,109067962.0,115,29712792.0,18,12627544.0,61,3938930.0,10,2158384.0,44,0.0,0,6171793.0,7,0.0,0,220073211.0,379,591,402,835496.0,870861.0,525855.0,463122.0,0.96,55.4,27.0,27.0,27.0,27.0,25.0,1.0,True,23.0,True,44,NIH department values with a recorded department
FY2024_FY2025,VETERINARY,VETERINARY SCIENCES,443850831.0,892,550,324257000.0,128690681.0,0,213852216.0,416,239,0.0,0,0,213852216.0,416,70635307.0,246,50279948.0,55,86119650.0,33,5020710.0,34,14545756.0,58,2328055.0,47,0.0,0,1069189.0,3,0.0,0,229998615.0,476,558,426,795432.0,807002.0,497591.0,383248.0,0.99,48.2,28.0,29.0,29.0,28.0,29.0,1.0,True,28.0,True,44,NIH department values with a recorded department
FY2024_FY2025,DENTISTRY,DENTISTRY,418361715.0,978,597,327148459.0,122342438.0,0,213149145.0,438,255,0.0,0,0,213149145.0,438,65626162.0,230,90807698.0,80,4945000.0,3,12738605.0,72,18169935.0,40,5126359.0,111,0.0,0,7798811.0,4,0.0,0,205212570.0,540,589,449,710292.0,700773.0,427773.0,361883.0,1.01,50.9,29.0,26.0,26.0,29.0,28.0,1.0,True,36.0,True,44,NIH department values with a recorded department
FY2024_FY2025,SOCIAL_BEHAVIORAL,SOCIAL SCIENCES,377392504.0,692,376,288621138.0,101869623.0,0,186378053.0,323,163,0.0,0,0,186378053.0,323,38293515.0,154,92759775.0,40,27541518.0,41,8960557.0,60,13653558.0,36,1280410.0,26,0.0,0,8525118.0,12,0.0,0,191014451.0,369,451,319,836790.0,1003703.0,545365.0,413255.0,0.83,49.4,30.0,30.0,31.0,31.0,32.0,1.0,True,22.0,True,44,NIH department values with a recorded department
FY2024_FY2025,OTOLARYNGOLOGY_HNS,OTOLARYNGOLOGY,344040660.0,678,413,250720661.0,99685575.0,0,212163182.0,373,215,0.0,0,0,212163182.0,373,38496734.0,120,24426837.0,36,38895404.0,13,12231617.0,73,6868374.0,21,2082568.0,40,0.0,0,8875944.0,2,0.0,0,131877478.0,305,411,308,837082.0,833028.0,507435.0,516212.0,1.0,61.7,31.0,31.0,30.0,30.0,30.0,1.0,True,21.0,True,44,NIH department values with a recorded department
FY2024_FY2025,EMERGENCY_MEDICINE,EMERGENCY MEDICINE,278803470.0,437,266,238997668.0,70110971.0,0,105821657.0,157,97,0.0,0,0,105821657.0,157,46256393.0,86,78347303.0,58,18442527.0,8,25697624.0,108,3049293.0,11,176032.0,6,0.0,0,1012641.0,3,0.0,0,172981813.0,280,309,201,902277.0,1048133.0,637994.0,342465.0,0.86,38.0,32.0,35.0,34.0,36.0,37.0,1.0,True,11.0,True,44,NIH department values with a recorded department
FY2024_FY2025,NUTRITION,NUTRITION,273946663.0,481,265,205773862.0,71518646.0,0,138351513.0,257,132,0.0,0,0,138351513.0,257,35340814.0,84,74275886.0,45,10229241.0,10,4529092.0,34,7485577.0,24,1096405.0,24,0.0,0,2638135.0,3,0.0,0,135595150.0,224,305,215,898186.0,1033761.0,569536.0,453612.0,0.87,50.5,33.0,34.0,35.0,33.0,34.0,1.0,True,14.0,True,44,NIH department values with a recorded department
FY2024_FY2025,ORTHOPEDIC_SURGERY,ORTHOPEDICS,236577661.0,595,344,165092951.0,74472329.0,0,173958859.0,371,205,0.0,0,0,173958859.0,371,19894927.0,83,12425093.0,26,16960992.0,18,4868775.0,39,5017198.0,21,1975816.0,36,0.0,0,1476001.0,1,0.0,0,62618802.0,224,315,228,751040.0,687726.0,397610.0,552250.0,1.09,73.5,34.0,32.0,32.0,32.0,31.0,1.0,True,31.0,True,44,NIH department values with a recorded department
FY2024_FY2025,FAMILY_MEDICINE,FAMILY MEDICINE,224634696.0,430,253,172151289.0,58090921.0,0,109453453.0,198,105,0.0,0,0,109453453.0,198,32960967.0,92,44695213.0,34,16053147.0,9,12378190.0,74,4655821.0,12,265347.0,6,0.0,0,4172558.0,5,0.0,0,115181243.0,232,310,203,724628.0,887884.0,522406.0,353076.0,0.82,48.7,35.0,36.0,36.0,35.0,35.0,1.0,True,33.0,True,44,NIH department values with a recorded department
FY2024_FY2025,DERMATOLOGY,DERMATOLOGY,219699727.0,485,286,153196373.0,71325417.0,0,137270648.0,262,145,0.0,0,0,137270648.0,262,13233970.0,53,29352636.0,35,17327031.0,14,11917162.0,74,6078259.0,20,1041269.0,22,0.0,0,3478752.0,5,0.0,0,82429079.0,223,245,183,896734.0,768181.0,452989.0,560288.0,1.17,62.5,36.0,33.0,33.0,34.0,33.0,1.0,True,15.0,True,44,NIH department values with a recorded department
FY2024_FY2025,UROLOGY,UROLOGY,145798100.0,298,181,103332001.0,45552383.0,0,90305395.0,176,104,0.0,0,0,90305395.0,176,14308844.0,38,15604650.0,20,14095264.0,10,7824990.0,37,2946869.0,7,330100.0,8,0.0,0,381988.0,2,0.0,0,55492705.0,122,201,143,725364.0,805514.0,489255.0,449281.0,0.9,61.9,37.0,38.0,37.0,37.0,36.0,1.0,True,32.0,True,44,NIH department values with a recorded department
FY2024_FY2025,PMR,PHYSICAL MEDICINE & REHAB,132905462.0,310,172,103193771.0,35431523.0,0,71754511.0,146,75,0.0,0,0,71754511.0,146,12575973.0,45,35375947.0,32,0.0,0,7226587.0,44,3207370.0,14,1274810.0,25,0.0,0,1490264.0,4,0.0,0,61150951.0,164,198,143,671240.0,772706.0,428727.0,362397.0,0.87,54.0,38.0,37.0,38.0,38.0,38.0,1.0,True,39.0,True,44,NIH department values with a recorded department
FY2024_FY2025,PHYSICAL_SCIENCE,PHYSICS,128832471.0,276,165,95369188.0,35597441.0,0,39872777.0,84,50,0.0,0,0,39872777.0,84,58671565.0,151,22710925.0,16,0.0,0,0.0,0,3223725.0,8,445979.0,10,0.0,0,3907500.0,7,0.0,0,88959694.0,192,203,143,634643.0,780803.0,466784.0,196418.0,0.81,30.9,39.0,39.0,39.0,40.0,40.0,1.0,True,42.0,True,44,NIH department values with a recorded department
FY2024_FY2025,ADMINISTRATION,ADMINISTRATION,96057494.0,170,83,69380283.0,27484093.0,0,57010742.0,90,40,0.0,0,0,57010742.0,90,10764034.0,33,1413904.0,3,18735312.0,8,1203363.0,8,4364914.0,16,313792.0,7,0.0,0,2251433.0,5,0.0,0,39046752.0,80,94,63,1021888.0,1157319.0,565044.0,606497.0,0.88,59.4,40.0,40.0,40.0,39.0,39.0,1.0,True,5.0,True,44,NIH department values with a recorded department
FY2024_FY2025,BASIC_SCIENCE,ZOOLOGY,43421858.0,103,68,31655229.0,12651588.0,0,22697183.0,47,29,0.0,0,0,22697183.0,47,13315930.0,42,0.0,0,6064641.0,5,480000.0,4,635024.0,2,229080.0,3,0.0,0,0.0,0,0.0,0,20724675.0,56,71,52,611575.0,638557.0,421571.0,319679.0,0.96,52.3,41.0,41.0,41.0,41.0,41.0,1.0,True,43.0,True,44,NIH department values with a recorded department
FY2024_FY2025,BASIC_SCIENCE,BIOPHYSICS,39874911.0,82,53,29406074.0,12499123.0,0,17262000.0,33,22,0.0,0,0,17262000.0,33,13481930.0,32,2337970.0,3,5143812.0,2,399159.0,3,0.0,0,393370.0,7,0.0,0,856670.0,2,0.0,0,22612911.0,49,44,34,906248.0,752357.0,486279.0,392318.0,1.2,43.3,42.0,42.0,42.0,42.0,42.0,1.0,True,10.0,True,44,NIH department values with a recorded department
FY2024_FY2025,OTHER_CLINICAL,OTHER CLINICAL SCIENCES,36285406.0,65,39,26572139.0,10221242.0,0,16876506.0,31,18,0.0,0,0,16876506.0,31,5291368.0,9,8497502.0,1,0.0,0,1372669.0,9,1399259.0,6,182098.0,4,0.0,0,2666004.0,5,0.0,0,19408900.0,34,45,36,806342.0,930395.0,558237.0,375033.0,0.87,46.5,43.0,43.0,43.0,43.0,43.0,1.0,True,26.0,True,44,NIH department values with a recorded department
FY2024_FY2025,PLASTIC_SURGERY,PLASTIC SURGERY,2141508.0,8,4,1598850.0,542658.0,0,1023990.0,2,1,0.0,0,0,1023990.0,2,790278.0,4,0.0,0,0.0,0,327240.0,2,0.0,0,0.0,0,0.0,0,0.0,0,0.0,0,1117518.0,6,4,3,535377.0,535377.0,267688.0,255998.0,1.0,47.8,44.0,44.0,44.0,44.0,44.0,1.0,False,,True,44,NIH department values with a recorded department
