period,is_ranked,is_reconstructed,rank,canonical_org_id,canonical_name,display_name,total_funding,award_years,distinct_projects,r01_funding,r01_award_years,m_award_years,funded_investigators,evidence_basis,confidence_floor,funding_per_investigator,r01_funding_per_investigator,funding_per_project,mean_award_size,r01_share_of_funding,meets_intensity_floor,is_rollup,rank_if_single_entity,rank_award_years,rank_award_years_if_single_entity,rank_r01_funding,rank_r01_funding_if_single_entity,rank_r01_award_years,rank_r01_award_years_if_single_entity,n_ranked
FY2021_FY2025,False,True,,MGB_CORE,Mass General Brigham,Mass General Brigham,266033307.0,364,134,91866275.0,179,0,80,Reconstructed from publication affiliations (lower bound),corroborated,3325416.0,1148328.0,1985323.0,730861.0,34.5,True,True,1.0,,1.0,,1.0,,1.0,119
FY2021_FY2025,True,False,1.0,IPF2221101,DUKE UNIVERSITY,Duke,220811823.0,256,97,61948996.0,104,0,83,NIH ORG_DEPT (contact PI),n/a,2660383.0,746373.0,2276411.0,862546.0,28.1,True,False,,2.0,,3.0,,4.0,,119
FY2021_FY2025,True,True,2.0,MGH,Massachusetts General Hospital,Massachusetts General Hospital,160711713.0,255,102,58431979.0,118,0,56,Reconstructed from publication affiliations (lower bound),corroborated,2869852.0,1043428.0,1575605.0,630242.0,36.4,True,False,,3.0,,5.0,,3.0,,119
FY2021_FY2025,True,False,3.0,IPF9083901,WASHINGTON UNIVERSITY,WashU St. Louis,154066689.0,223,65,60222214.0,125,0,67,NIH ORG_DEPT (contact PI),n/a,2299503.0,898839.0,2370257.0,690882.0,39.1,True,False,,4.0,,4.0,,2.0,,119
FY2021_FY2025,True,False,4.0,IPF1506502,UNIVERSITY OF MICHIGAN AT ANN ARBOR,Michigan,131746006.0,276,106,90078436.0,165,0,92,NIH ORG_DEPT (contact PI),n/a,1432022.0,979113.0,1242887.0,477341.0,68.4,True,False,,1.0,,1.0,,1.0,,119
FY2021_FY2025,True,True,5.0,BWH,Brigham and Women's Hospital,Brigham and Women's Hospital,105321594.0,109,32,33434296.0,61,0,24,Reconstructed from publication affiliations (lower bound),corroborated,4388400.0,1393096.0,3291300.0,966253.0,31.7,True,False,,16.0,,14.0,,16.0,,119
FY2021_FY2025,True,False,6.0,IPF6463801,UNIVERSITY OF PENNSYLVANIA,Penn,103151781.0,104,35,28960465.0,52,0,51,NIH ORG_DEPT (contact PI),n/a,2022584.0,567852.0,2947194.0,991844.0,28.1,True,False,,19.0,,23.0,,21.0,,119
FY2021_FY2025,True,True,7.0,IPF5079202,Memorial Sloan Kettering,Memorial Sloan Kettering,91309391.0,63,23,16850342.0,31,0,16,Reconstructed from publication affiliations (lower bound),corroborated,5706837.0,1053146.0,3969974.0,1449355.0,18.5,True,False,,36.0,,39.0,,40.0,,119
FY2021_FY2025,True,False,8.0,IPF2059802,UNIVERSITY OF PITTSBURGH AT PITTSBURGH,Pittsburgh,89030931.0,206,79,52768889.0,94,0,68,NIH ORG_DEPT (contact PI),n/a,1309278.0,776013.0,1126974.0,432189.0,59.3,True,False,,5.0,,7.0,,6.0,,119
FY2021_FY2025,True,False,9.0,IPF577508,"UNIVERSITY OF CALIFORNIA, SAN FRANCISCO",UCSF,88246501.0,136,57,34191111.0,45,0,52,NIH ORG_DEPT (contact PI),n/a,1697048.0,657521.0,1548184.0,648871.0,38.7,True,False,,9.0,,13.0,,29.0,,119
FY2021_FY2025,True,False,10.0,IPF6218701,OHIO STATE UNIVERSITY,Ohio State,79491245.0,124,50,28083057.0,58,0,52,NIH ORG_DEPT (contact PI),n/a,1528678.0,540059.0,1589825.0,641058.0,35.3,True,False,,12.0,,24.0,,19.0,,119
FY2021_FY2025,True,False,11.0,IPF1450402,UNIVERSITY OF MINNESOTA,Minnesota,79383685.0,101,40,29930270.0,50,0,56,NIH ORG_DEPT (contact PI),n/a,1417566.0,534469.0,1984592.0,785977.0,37.7,True,False,,22.0,,19.0,,25.0,,119
FY2021_FY2025,True,False,12.0,IPF8046501,STANFORD UNIVERSITY,Stanford,78769175.0,161,58,42046536.0,87,0,51,NIH ORG_DEPT (contact PI),n/a,1544494.0,824442.0,1358089.0,489250.0,53.4,True,False,,7.0,,8.0,,8.0,,119
FY2021_FY2025,True,False,13.0,IPF513806,UNIVERSITY OF FLORIDA,Florida,78227365.0,161,60,41793640.0,82,0,64,NIH ORG_DEPT (contact PI),n/a,1222303.0,653026.0,1303789.0,485884.0,53.4,True,False,,7.0,,9.0,,9.0,,119
FY2021_FY2025,True,False,14.0,IPF578503,UNIVERSITY OF WISCONSIN-MADISON,Wisconsin–Madison,77380483.0,180,70,53303608.0,93,0,60,NIH ORG_DEPT (contact PI),n/a,1289675.0,888393.0,1105435.0,429892.0,68.9,True,False,,6.0,,6.0,,7.0,,119
FY2021_FY2025,True,True,15.0,IPF1504801,Boston Children's,Boston Children's,75642811.0,127,50,64559512.0,95,0,22,Reconstructed from publication affiliations (lower bound),corroborated,3438310.0,2934523.0,1512856.0,595613.0,85.3,True,False,,10.0,,2.0,,5.0,,119
FY2021_FY2025,True,False,16.0,IPF6144650,NORTHWESTERN UNIVERSITY AT CHICAGO,Northwestern,73836404.0,125,46,35295203.0,59,0,40,NIH ORG_DEPT (contact PI),n/a,1845910.0,882380.0,1605139.0,590691.0,47.8,True,False,,11.0,,11.0,,17.0,,119
FY2021_FY2025,True,False,17.0,IPF1833205,COLUMBIA UNIVERSITY HEALTH SCIENCES,Columbia,68055268.0,85,27,21516341.0,37,0,24,NIH ORG_DEPT (contact PI),n/a,2835636.0,896514.0,2520565.0,800650.0,31.6,True,False,,25.0,,32.0,,36.0,,119
FY2021_FY2025,True,False,18.0,IPF5998304,NEW YORK UNIVERSITY SCHOOL OF MEDICINE,NYU Grossman,52970392.0,111,54,37438835.0,59,0,45,NIH ORG_DEPT (contact PI),n/a,1177120.0,831974.0,980933.0,477211.0,70.7,True,False,,15.0,,10.0,,17.0,,119
FY2021_FY2025,True,False,19.0,IPF4134401,JOHNS HOPKINS UNIVERSITY,Johns Hopkins,52598713.0,119,48,29477962.0,51,0,42,NIH ORG_DEPT (contact PI),n/a,1252350.0,701856.0,1095807.0,442006.0,56.0,True,False,,13.0,,21.0,,22.0,,119
FY2021_FY2025,True,False,20.0,IPF578407,UNIVERSITY OF TX MD ANDERSON CAN CTR,MD Anderson,52041565.0,105,38,30969344.0,62,0,43,NIH ORG_DEPT (contact PI),n/a,1210269.0,720217.0,1369515.0,495634.0,59.5,True,False,,18.0,,18.0,,14.0,,119
FY2021_FY2025,True,False,21.0,IPF7047101,UNIVERSITY OF ROCHESTER,Rochester,48661784.0,63,24,11190838.0,24,0,22,NIH ORG_DEPT (contact PI),n/a,2211899.0,508674.0,2027574.0,772409.0,23.0,True,False,,36.0,,50.0,,45.0,,119
FY2021_FY2025,True,False,22.0,IPF577505,UNIVERSITY OF CALIFORNIA LOS ANGELES,UCLA,48531239.0,97,31,29432298.0,64,0,28,NIH ORG_DEPT (contact PI),n/a,1733259.0,1051154.0,1565524.0,500322.0,60.6,True,False,,23.0,,22.0,,12.0,,119
FY2021_FY2025,True,False,23.0,IPF577507,"UNIVERSITY OF CALIFORNIA, SAN DIEGO",UC San Diego,48149298.0,104,45,31186377.0,65,0,34,NIH ORG_DEPT (contact PI),n/a,1416156.0,917246.0,1069984.0,462974.0,64.8,True,False,,19.0,,17.0,,10.0,,119
FY2021_FY2025,True,False,24.0,IPF820104,UNIVERSITY OF MARYLAND BALTIMORE,Maryland Baltimore,45150359.0,91,37,34566469.0,65,0,26,NIH ORG_DEPT (contact PI),n/a,1736552.0,1329480.0,1220280.0,496158.0,76.6,True,False,,24.0,,12.0,,10.0,,119
FY2021_FY2025,True,False,25.0,IPF1514803,WEILL MEDICAL COLL OF CORNELL UNIV,Weill Cornell,44485966.0,84,35,32763274.0,56,0,37,NIH ORG_DEPT (contact PI),n/a,1202323.0,885494.0,1271028.0,529595.0,73.6,True,False,,27.0,,16.0,,20.0,,119
FY2021_FY2025,True,False,26.0,IPF2384501,EMORY UNIVERSITY,Emory,43011749.0,102,39,29649645.0,62,0,31,NIH ORG_DEPT (contact PI),n/a,1387476.0,956440.0,1102865.0,421684.0,68.9,True,False,,21.0,,20.0,,14.0,,119
FY2021_FY2025,True,False,27.0,IPF5221250,UNIVERSITY OF MIAMI SCHOOL OF MEDICINE,Miami,42770965.0,116,47,27543403.0,64,0,33,NIH ORG_DEPT (contact PI),n/a,1296090.0,834649.0,910021.0,368715.0,64.4,True,False,,14.0,,26.0,,12.0,,119
FY2021_FY2025,True,False,28.0,IPF577503,UNIVERSITY OF CALIFORNIA AT DAVIS,UC Davis,42008545.0,67,24,10537878.0,18,0,19,NIH ORG_DEPT (contact PI),n/a,2210976.0,554625.0,1750356.0,626993.0,25.1,True,False,,35.0,,51.0,,54.0,,119
FY2021_FY2025,True,False,29.0,IPF1526402,UNIVERSITY OF VIRGINIA,Virginia,41520005.0,75,29,32847546.0,49,0,35,NIH ORG_DEPT (contact PI),n/a,1186286.0,938501.0,1431724.0,553600.0,79.1,True,False,,31.0,,15.0,,27.0,,119
FY2021_FY2025,True,False,30.0,IPF1288803,UNIVERSITY OF ALABAMA AT BIRMINGHAM,UAB,40407663.0,107,42,21267130.0,42,0,42,NIH ORG_DEPT (contact PI),n/a,962087.0,506360.0,962087.0,377642.0,52.6,True,False,,17.0,,33.0,,31.0,,119
FY2021_FY2025,True,True,31.0,IPF10040927,Vanderbilt Medical Center,Vanderbilt Medical Center,36680452.0,79,28,26644743.0,46,0,21,Reconstructed from publication affiliations (lower bound),corroborated,1746688.0,1268797.0,1310016.0,464310.0,72.6,True,False,,29.0,,27.0,,28.0,,119
FY2021_FY2025,True,False,32.0,IPF481201,BAYLOR COLLEGE OF MEDICINE,Baylor College of Medicine,35855220.0,85,36,25741980.0,50,0,32,NIH ORG_DEPT (contact PI),n/a,1120476.0,804437.0,995978.0,421826.0,71.8,True,False,,25.0,,28.0,,25.0,,119
FY2021_FY2025,True,False,33.0,IPF9420201,YALE UNIVERSITY,Yale,35413318.0,68,26,27972670.0,51,0,24,NIH ORG_DEPT (contact PI),n/a,1475555.0,1165528.0,1362051.0,520784.0,79.0,True,False,,34.0,,25.0,,22.0,,119
FY2021_FY2025,True,False,34.0,IPF1199905,UNIVERSITY OF COLORADO DENVER,Colorado Denver,33999309.0,74,27,16415924.0,42,0,31,NIH ORG_DEPT (contact PI),n/a,1096752.0,529546.0,1259234.0,459450.0,48.3,True,False,,32.0,,40.0,,31.0,,119
FY2021_FY2025,True,False,35.0,IPF577806,INDIANA UNIVERSITY INDIANAPOLIS,Indiana Indianapolis,33022579.0,76,37,22695258.0,39,0,33,NIH ORG_DEPT (contact PI),n/a,1000684.0,687735.0,892502.0,434508.0,68.7,True,False,,30.0,,30.0,,34.0,,119
FY2021_FY2025,True,False,36.0,IPF514002,UNIVERSITY OF UTAH,University of Utah,30160831.0,81,36,20607123.0,41,0,32,NIH ORG_DEPT (contact PI),n/a,942526.0,643973.0,837801.0,372356.0,68.3,True,False,,28.0,,34.0,,33.0,,119
FY2021_FY2025,True,True,37.0,BIDMC,Beth Israel Deaconess,Beth Israel Deaconess,30136591.0,53,23,18196402.0,30,0,11,Reconstructed from publication affiliations (lower bound),corroborated,2739690.0,1654218.0,1310287.0,568615.0,60.4,True,False,,42.0,,37.0,,41.0,,119
FY2021_FY2025,True,False,38.0,IPF1413601,UNIVERSITY OF CHICAGO,University of Chicago,28868179.0,58,22,19443736.0,38,0,21,NIH ORG_DEPT (contact PI),n/a,1374675.0,925892.0,1312190.0,497727.0,67.4,True,False,,40.0,,36.0,,35.0,,119
FY2021_FY2025,True,False,39.0,IPF578404,UT SOUTHWESTERN MEDICAL CENTER,UT Southwestern,28238977.0,71,29,22133616.0,51,0,24,NIH ORG_DEPT (contact PI),n/a,1176624.0,922234.0,973758.0,397732.0,78.4,True,False,,33.0,,31.0,,22.0,,119
FY2021_FY2025,True,False,40.0,IPF578206,UNIV OF NORTH CAROLINA CHAPEL HILL,UNC Chapel Hill,28095979.0,56,21,9068596.0,18,0,21,NIH ORG_DEPT (contact PI),n/a,1337904.0,431838.0,1337904.0,501714.0,32.3,True,False,,41.0,,53.0,,54.0,,119
FY2021_FY2025,True,False,41.0,IPF2793601,UNIVERSITY OF KENTUCKY,University of Kentucky,27803771.0,49,17,9047427.0,19,0,15,NIH ORG_DEPT (contact PI),n/a,1853585.0,603162.0,1635516.0,567424.0,32.5,True,False,,46.0,,54.0,,52.0,,119
FY2021_FY2025,True,True,42.0,IPF1499101,CHOP,CHOP,27508983.0,21,9,7532909.0,13,0,3,Reconstructed from publication affiliations (lower bound),corroborated,9169661.0,2510970.0,3056554.0,1309952.0,27.4,False,False,,66.0,,62.0,,64.0,,119
FY2021_FY2025,True,True,43.0,IPF10005742,Houston Methodist,Houston Methodist,27306458.0,50,19,25271360.0,44,0,8,Reconstructed from publication affiliations (lower bound),corroborated,3413307.0,3158920.0,1437182.0,546129.0,92.5,True,False,,43.0,,29.0,,30.0,,119
FY2021_FY2025,True,False,44.0,IPF4679701,UNIVERSITY OF LOUISVILLE,University of Louisville,23385039.0,35,13,11348774.0,23,0,11,NIH ORG_DEPT (contact PI),n/a,2125913.0,1031707.0,1798849.0,668144.0,48.5,True,False,,49.0,,48.0,,46.0,,119
FY2021_FY2025,True,False,45.0,IPF7575301,MEDICAL UNIVERSITY OF SOUTH CAROLINA,MUSC,22313446.0,50,21,17310335.0,33,0,15,NIH ORG_DEPT (contact PI),n/a,1487563.0,1154022.0,1062545.0,446269.0,77.6,True,False,,43.0,,38.0,,37.0,,119
FY2021_FY2025,True,True,46.0,IPF1518602,Children's National Hospital,Children's National Hospital,22100589.0,49,20,19768694.0,33,0,12,Reconstructed from publication affiliations (lower bound),corroborated,1841716.0,1647391.0,1105029.0,451032.0,89.4,True,False,,46.0,,35.0,,37.0,,119
FY2021_FY2025,True,False,47.0,IPF490201,UNIVERSITY OF ARIZONA,University of Arizona,20218407.0,59,16,14021917.0,27,0,22,NIH ORG_DEPT (contact PI),n/a,919018.0,637360.0,1263650.0,342685.0,69.4,True,False,,38.0,,42.0,,42.0,,119
FY2021_FY2025,True,False,48.0,IPF10034168,RUTGERS BIOMEDICAL AND HEALTH SCIENCES,Rutgers Health (RBHS),20019319.0,30,9,4712964.0,8,0,9,NIH ORG_DEPT (contact PI),n/a,2224369.0,523663.0,2224369.0,667311.0,23.5,True,False,,58.0,,72.0,,75.0,,119
FY2021_FY2025,True,False,49.0,IPF7636101,UNIVERSITY OF SOUTHERN CALIFORNIA,USC,18077809.0,59,22,8018628.0,20,0,20,NIH ORG_DEPT (contact PI),n/a,903890.0,400931.0,821719.0,306404.0,44.4,True,False,,38.0,,59.0,,49.0,,119
FY2021_FY2025,True,True,50.0,IPF6959701,Rhode Island Hospital,Rhode Island Hospital,17867914.0,50,18,7369187.0,11,0,9,Reconstructed from publication affiliations (lower bound),corroborated,1985324.0,818799.0,992662.0,357358.0,41.2,True,False,,43.0,,63.0,,67.0,,119
FY2021_FY2025,True,True,51.0,IPF1495302,Nationwide Children's,Nationwide Children's,17378298.0,40,12,13958180.0,32,0,5,Reconstructed from publication affiliations (lower bound),corroborated,3475660.0,2791636.0,1448192.0,434457.0,80.3,True,False,,48.0,,43.0,,39.0,,119
FY2021_FY2025,True,False,52.0,IPF1524204,PENNSYLVANIA STATE UNIV HERSHEY MED CTR,Penn State Hershey,16924605.0,25,13,14992998.0,21,0,11,NIH ORG_DEPT (contact PI),n/a,1538600.0,1363000.0,1301893.0,676984.0,88.6,True,False,,60.0,,41.0,,48.0,,119
FY2021_FY2025,True,False,53.0,IPF10000858,CLEVELAND CLINIC LERNER COM-CWRU,Cleveland Clinic,14568334.0,29,12,10243826.0,20,0,13,NIH ORG_DEPT (contact PI),n/a,1120641.0,787987.0,1214028.0,502356.0,70.3,True,False,,59.0,,52.0,,49.0,,119
FY2021_FY2025,True,False,54.0,IPF578104,UNIVERSITY OF NEBRASKA MEDICAL CENTER,Nebraska Medical Center,14393470.0,33,12,12300585.0,25,0,9,NIH ORG_DEPT (contact PI),n/a,1599274.0,1366732.0,1199456.0,436166.0,85.5,True,False,,53.0,,45.0,,43.0,,119
FY2021_FY2025,True,True,55.0,IPF3058203,City of Hope,City of Hope,14312846.0,23,8,13424419.0,19,0,7,Reconstructed from publication affiliations (lower bound),corroborated,2044692.0,1917774.0,1789106.0,622298.0,93.8,True,False,,64.0,,44.0,,52.0,,119
FY2021_FY2025,True,False,56.0,IPF9021205,WAKE FOREST UNIVERSITY HEALTH SCIENCES,Wake Forest,13718145.0,34,16,6709943.0,11,0,23,NIH ORG_DEPT (contact PI),n/a,596441.0,291737.0,857384.0,403475.0,48.9,True,False,,50.0,,65.0,,67.0,,119
FY2021_FY2025,True,False,57.0,IPF46001,MEDICAL COLLEGE OF WISCONSIN,Medical College of Wisconsin,13375219.0,32,11,11550425.0,23,0,12,NIH ORG_DEPT (contact PI),n/a,1114602.0,962535.0,1215929.0,417976.0,86.4,True,False,,54.0,,47.0,,46.0,,119
FY2021_FY2025,True,True,58.0,IPF7893501,St. Jude,St. Jude,13270541.0,25,9,8913721.0,14,0,4,Reconstructed from publication affiliations (lower bound),corroborated,3317635.0,2228430.0,1474505.0,530822.0,67.2,False,False,,60.0,,56.0,,62.0,,119
FY2021_FY2025,True,True,59.0,IPF1525701,Lurie Children's Hospital of Chicago,Lurie Children's Hospital of Chicago,13180043.0,31,13,9043545.0,17,0,7,Reconstructed from publication affiliations (lower bound),corroborated,1882863.0,1291935.0,1013849.0,425163.0,68.6,True,False,,56.0,,55.0,,56.0,,119
FY2021_FY2025,True,False,60.0,IPF353201,VIRGINIA COMMONWEALTH UNIVERSITY,VCU,13083133.0,24,10,8452140.0,16,0,9,NIH ORG_DEPT (contact PI),n/a,1453681.0,939127.0,1308313.0,545131.0,64.6,True,False,,63.0,,57.0,,60.0,,119
FY2021_FY2025,True,True,61.0,IPF4976101,Mayo Clinic Rochester,Mayo Clinic Rochester,13046060.0,19,8,11224532.0,17,0,6,Reconstructed from publication affiliations (lower bound),corroborated,2174343.0,1870755.0,1630758.0,686635.0,86.0,True,False,,70.0,,49.0,,56.0,,119
FY2021_FY2025,True,False,62.0,IPF578002,UNIVERSITY OF MISSOURI-COLUMBIA,University of Missouri,12741428.0,32,13,11962886.0,25,0,9,NIH ORG_DEPT (contact PI),n/a,1415714.0,1329210.0,980110.0,398170.0,93.9,True,False,,54.0,,46.0,,43.0,,119
FY2021_FY2025,True,False,63.0,IPF9087701,UNIVERSITY OF WASHINGTON,University of Washington,11882323.0,34,9,4760496.0,12,0,9,NIH ORG_DEPT (contact PI),n/a,1320258.0,528944.0,1320258.0,349480.0,40.1,True,False,,50.0,,71.0,,66.0,,119
FY2021_FY2025,True,False,64.0,IPF577504,UNIVERSITY OF CALIFORNIA-IRVINE,UC Irvine,11147912.0,18,9,7673622.0,14,0,13,NIH ORG_DEPT (contact PI),n/a,857532.0,590279.0,1238657.0,619328.0,68.8,True,False,,71.0,,61.0,,62.0,,119
FY2021_FY2025,True,False,65.0,IPF513807,UNIVERSITY OF SOUTH FLORIDA,University of South Florida,10121246.0,31,15,6308212.0,20,0,10,NIH ORG_DEPT (contact PI),n/a,1012125.0,630821.0,674750.0,326492.0,62.3,True,False,,56.0,,67.0,,49.0,,119
FY2021_FY2025,True,False,66.0,IPF1274603,EAST TENNESSEE STATE UNIVERSITY,East Tennessee State,9442121.0,23,11,8201871.0,17,0,6,NIH ORG_DEPT (contact PI),n/a,1573687.0,1366978.0,858375.0,410527.0,86.9,True,False,,64.0,,58.0,,56.0,,119
FY2021_FY2025,True,False,67.0,IPF4689203,LOYOLA UNIVERSITY CHICAGO,Loyola University Chicago,9343980.0,34,17,5879071.0,13,0,13,NIH ORG_DEPT (contact PI),n/a,718768.0,452236.0,549646.0,274823.0,62.9,True,False,,50.0,,68.0,,64.0,,119
FY2021_FY2025,True,True,68.0,IPF615001,Cincinnati Children's,Cincinnati Children's,9175748.0,21,6,7953748.0,17,0,5,Reconstructed from publication affiliations (lower bound),corroborated,1835150.0,1590750.0,1529291.0,436940.0,86.7,True,False,,66.0,,60.0,,56.0,,119
FY2021_FY2025,True,True,69.0,IPF1520001,Children's Hospital of Los Angeles,Children's Hospital of Los Angeles,8721566.0,25,9,6866026.0,16,0,6,Reconstructed from publication affiliations (lower bound),corroborated,1453594.0,1144338.0,969063.0,348863.0,78.7,True,False,,60.0,,64.0,,60.0,,119
FY2021_FY2025,True,False,70.0,IPF1524003,UNIVERSITY OF OKLAHOMA HLTH SCIENCES CTR,OU Health Sciences Center,8424703.0,17,7,6552505.0,11,0,5,NIH ORG_DEPT (contact PI),n/a,1684941.0,1310501.0,1203529.0,495571.0,77.8,True,False,,72.0,,66.0,,67.0,,119
FY2021_FY2025,True,False,71.0,IPF8738101,UNIVERSITY OF VERMONT & ST AGRIC COLLEGE,University of Vermont,7406669.0,20,8,5362549.0,10,0,9,NIH ORG_DEPT (contact PI),n/a,822963.0,595839.0,925834.0,370333.0,72.4,True,False,,69.0,,69.0,,71.0,,119
FY2021_FY2025,True,False,72.0,IPF3972901,UNIVERSITY OF IOWA,University of Iowa,6640966.0,9,4,2452366.0,4,0,6,NIH ORG_DEPT (contact PI),n/a,1106828.0,408728.0,1660242.0,737885.0,36.9,True,False,,82.0,,80.0,,80.0,,119
FY2021_FY2025,True,False,73.0,IPF894901,BOSTON UNIVERSITY MEDICAL CAMPUS,BU Medical Campus,5952794.0,21,9,2630087.0,10,0,10,NIH ORG_DEPT (contact PI),n/a,595279.0,263009.0,661422.0,283466.0,44.2,True,False,,66.0,,78.0,,71.0,,119
FY2021_FY2025,True,False,74.0,HMS,Harvard Medical School,Harvard Medical School,5568374.0,14,5,4653474.0,9,0,5,NIH ORG_DEPT (contact PI),n/a,1113675.0,930695.0,1113675.0,397741.0,83.6,True,False,,76.0,,73.0,,73.0,,119
FY2021_FY2025,True,True,75.0,IPF1225501,Cedars-Sinai,Cedars-Sinai,5493250.0,10,7,5326250.0,9,0,6,Reconstructed from publication affiliations (lower bound),corroborated,915542.0,887708.0,784750.0,549325.0,97.0,True,False,,80.0,,70.0,,73.0,,119
FY2021_FY2025,True,False,76.0,IPF1506603,UNIVERSITY OF CONNECTICUT SCH OF MED/DNT,UConn Health,5316939.0,15,8,4058156.0,8,0,12,NIH ORG_DEPT (contact PI),n/a,443078.0,338180.0,664617.0,354463.0,76.3,True,False,,75.0,,75.0,,75.0,,119
FY2021_FY2025,True,False,77.0,IPF577703,UNIVERSITY OF ILLINOIS AT CHICAGO,Illinois Chicago,5119998.0,16,9,4564585.0,11,0,7,NIH ORG_DEPT (contact PI),n/a,731428.0,652084.0,568889.0,320000.0,89.2,True,False,,74.0,,74.0,,67.0,,119
FY2021_FY2025,True,False,78.0,IPF1523902,UNIVERSITY OF CINCINNATI,University of Cincinnati,4941099.0,17,8,1316100.0,4,0,8,NIH ORG_DEPT (contact PI),n/a,617637.0,164512.0,617637.0,290653.0,26.6,True,False,,72.0,,89.0,,80.0,,119
FY2021_FY2025,True,False,79.0,IPF578417,UNIVERSITY OF TEXAS HLTH SCI CTR HOUSTON,UTHealth Houston,4656817.0,11,3,0.0,0,0,3,NIH ORG_DEPT (contact PI),n/a,1552272.0,0.0,1552272.0,423347.0,0.0,False,False,,78.0,,95.0,,95.0,,119
FY2021_FY2025,True,False,80.0,IPF218601,CASE WESTERN RESERVE UNIVERSITY,Case Western Reserve,4178457.0,11,5,3684958.0,8,0,4,NIH ORG_DEPT (contact PI),n/a,1044614.0,921240.0,835691.0,379860.0,88.2,False,False,,78.0,,77.0,,75.0,,119
FY2021_FY2025,True,False,81.0,IPF578302,UNIVERSITY OF TENNESSEE HEALTH SCI CTR,UTHSC Memphis,3703432.0,3,2,3703432.0,3,0,2,NIH ORG_DEPT (contact PI),n/a,1851716.0,1851716.0,1851716.0,1234477.0,100.0,False,False,,98.0,,76.0,,84.0,,119
FY2021_FY2025,True,False,82.0,IPF578403,UNIVERSITY OF TEXAS AT AUSTIN,UT Austin,3172673.0,6,5,1715201.0,3,0,7,NIH ORG_DEPT (contact PI),n/a,453239.0,245029.0,634535.0,528779.0,54.1,True,False,,85.0,,84.0,,84.0,,119
FY2021_FY2025,True,False,83.0,IPF5992614,STATE UNIVERSITY OF NEW YORK AT BUFFALO,University at Buffalo,3012291.0,5,2,2560634.0,4,0,4,NIH ORG_DEPT (contact PI),n/a,753073.0,640158.0,1506146.0,602458.0,85.0,False,False,,86.0,,79.0,,80.0,,119
FY2021_FY2025,True,False,84.0,IPF578406,UNIVERSITY OF TEXAS MED BR GALVESTON,UTMB Galveston,2680695.0,10,4,0.0,0,0,7,NIH ORG_DEPT (contact PI),n/a,382956.0,0.0,670174.0,268070.0,0.0,True,False,,80.0,,95.0,,95.0,,119
FY2021_FY2025,True,False,85.0,IPF6297007,OREGON HEALTH & SCIENCE UNIVERSITY,OHSU,2614064.0,13,6,857480.0,3,0,7,NIH ORG_DEPT (contact PI),n/a,373438.0,122497.0,435677.0,201082.0,32.8,True,False,,77.0,,91.0,,84.0,,119
FY2021_FY2025,True,False,86.0,IPF10021612,UNIVERSITY OF NEW MEXICO HEALTH SCIS CTR,UNM Health Sciences,2613286.0,7,4,2423242.0,6,0,4,NIH ORG_DEPT (contact PI),n/a,653322.0,605810.0,653322.0,373327.0,92.7,False,False,,83.0,,81.0,,78.0,,119
FY2021_FY2025,True,False,87.0,IPF3839801,ICAHN SCHOOL OF MEDICINE AT MOUNT SINAI,Mount Sinai,1892627.0,4,4,1723152.0,3,0,3,NIH ORG_DEPT (contact PI),n/a,630876.0,574384.0,473157.0,473157.0,91.0,False,False,,93.0,,83.0,,84.0,,119
FY2021_FY2025,True,False,88.0,IPF8455007,ALBANY MEDICAL COLLEGE,Albany Medical College,1771288.0,5,2,1380095.0,3,0,3,NIH ORG_DEPT (contact PI),n/a,590429.0,460032.0,885644.0,354258.0,77.9,False,False,,86.0,,87.0,,84.0,,119
FY2021_FY2025,True,False,89.0,IPF577902,LSU HEALTH SCIENCES CENTER,LSU Health New Orleans,1728598.0,5,2,1728598.0,5,0,3,NIH ORG_DEPT (contact PI),n/a,576199.0,576199.0,864299.0,345720.0,100.0,False,False,,86.0,,82.0,,79.0,,119
FY2021_FY2025,True,False,90.0,IPF1003201,BROWN UNIVERSITY,Brown University,1707931.0,3,1,1707931.0,3,0,1,NIH ORG_DEPT (contact PI),n/a,1707931.0,1707931.0,1707931.0,569310.0,100.0,False,False,,98.0,,85.0,,84.0,,119
FY2021_FY2025,True,False,91.0,IPF2869001,GEORGETOWN UNIVERSITY,Georgetown University,1541823.0,4,2,1541823.0,4,0,2,NIH ORG_DEPT (contact PI),n/a,770912.0,770912.0,770912.0,385456.0,100.0,False,False,,93.0,,86.0,,80.0,,119
FY2021_FY2025,True,False,92.0,IPF676605,AUGUSTA UNIVERSITY,Augusta University,1347334.0,2,1,1347334.0,2,0,1,NIH ORG_DEPT (contact PI),n/a,1347334.0,1347334.0,1347334.0,673667.0,100.0,False,False,,101.0,,88.0,,91.0,,119
FY2021_FY2025,True,False,93.0,IPF4050801,THOMAS JEFFERSON UNIVERSITY,Thomas Jefferson University,1217371.0,5,2,1061371.0,3,0,2,NIH ORG_DEPT (contact PI),n/a,608686.0,530686.0,608686.0,243474.0,87.2,False,False,,86.0,,90.0,,84.0,,119
FY2021_FY2025,True,False,94.0,IPF829903,UNIVERSITY OF NEVADA RENO,"University of Nevada, Reno",1119208.0,4,1,0.0,0,0,1,NIH ORG_DEPT (contact PI),n/a,1119208.0,0.0,1119208.0,279802.0,0.0,False,False,,93.0,,95.0,,95.0,,119
FY2021_FY2025,True,False,95.0,IPF10034169,RBHS-NEW JERSEY MEDICAL SCHOOL,Rutgers NJ Medical School,1021005.0,5,4,0.0,0,0,3,NIH ORG_DEPT (contact PI),n/a,340335.0,0.0,255251.0,204201.0,0.0,False,False,,86.0,,95.0,,95.0,,119
FY2021_FY2025,True,False,96.0,IPF2863301,GEORGE WASHINGTON UNIVERSITY,George Washington University,951309.0,3,2,0.0,0,0,4,NIH ORG_DEPT (contact PI),n/a,237827.0,0.0,475654.0,317103.0,0.0,False,False,,98.0,,95.0,,95.0,,119
FY2021_FY2025,True,False,97.0,IPF8424601,TULANE UNIVERSITY OF LOUISIANA,Tulane,945314.0,4,2,586082.0,2,0,1,NIH ORG_DEPT (contact PI),n/a,945314.0,586082.0,472657.0,236328.0,62.0,False,False,,93.0,,93.0,,91.0,,119
FY2021_FY2025,True,False,98.0,IPF5390304,UNIVERSITY OF MISSISSIPPI MED CTR,Mississippi Medical Center,943752.0,7,2,0.0,0,0,2,NIH ORG_DEPT (contact PI),n/a,471876.0,0.0,471876.0,134822.0,0.0,False,False,,83.0,,95.0,,95.0,,119
FY2021_FY2025,True,False,99.0,IPF850903,UNIV OF MASSACHUSETTS MED SCH WORCESTER,UMass Chan Medical School,863108.0,5,2,0.0,0,0,2,NIH ORG_DEPT (contact PI),n/a,431554.0,0.0,431554.0,172622.0,0.0,False,False,,86.0,,95.0,,95.0,,119
FY2021_FY2025,True,False,100.0,IPF578209,EAST CAROLINA UNIVERSITY,East Carolina University,754312.0,2,1,0.0,0,0,2,NIH ORG_DEPT (contact PI),n/a,377156.0,0.0,754312.0,377156.0,0.0,False,False,,101.0,,95.0,,95.0,,119
FY2021_FY2025,True,False,101.0,IPF578418,UNIVERSITY OF TEXAS HLTH SCIENCE CENTER,UT Health San Antonio,750022.0,1,1,0.0,0,0,1,NIH ORG_DEPT (contact PI),n/a,750022.0,0.0,750022.0,750022.0,0.0,False,False,,106.0,,95.0,,95.0,,119
FY2021_FY2025,True,False,102.0,IPF513809,FLORIDA INTERNATIONAL UNIVERSITY,Florida International,709718.0,1,1,709718.0,1,0,1,NIH ORG_DEPT (contact PI),n/a,709718.0,709718.0,709718.0,709718.0,100.0,False,False,,106.0,,92.0,,93.0,,119
FY2021_FY2025,True,True,103.0,IPF3617301,Boston Medical Center,Boston Medical Center,696928.0,5,1,0.0,0,0,1,Reconstructed from publication affiliations (lower bound),corroborated,696928.0,0.0,696928.0,139386.0,0.0,False,False,,86.0,,95.0,,95.0,,119
FY2021_FY2025,True,False,104.0,IPF1484303,UNIVERSITY OF KANSAS MEDICAL CENTER,Kansas Medical Center,474168.0,1,1,474168.0,1,0,1,NIH ORG_DEPT (contact PI),n/a,474168.0,474168.0,474168.0,474168.0,100.0,False,False,,106.0,,94.0,,93.0,,119
FY2021_FY2025,True,False,105.0,IPF8240301,TEMPLE UNIV OF THE COMMONWEALTH,Temple University,451734.0,2,1,0.0,0,0,1,NIH ORG_DEPT (contact PI),n/a,451734.0,0.0,451734.0,225867.0,0.0,False,False,,101.0,,95.0,,95.0,,119
FY2021_FY2025,True,False,106.0,IPF5992619,UPSTATE MEDICAL UNIVERSITY,SUNY Upstate,448250.0,2,1,0.0,0,0,1,NIH ORG_DEPT (contact PI),n/a,448250.0,0.0,448250.0,224125.0,0.0,False,False,,101.0,,95.0,,95.0,,119
FY2021_FY2025,True,False,107.0,IPF8285902,TEXAS TECH UNIVERSITY HEALTH SCIS CENTER,Texas Tech Health Sciences,438087.0,2,1,0.0,0,0,1,NIH ORG_DEPT (contact PI),n/a,438087.0,0.0,438087.0,219044.0,0.0,False,False,,101.0,,95.0,,95.0,,119
FY2021_FY2025,True,False,108.0,IPF8721001,VANDERBILT UNIVERSITY,Vanderbilt University,417500.0,4,3,0.0,0,0,5,NIH ORG_DEPT (contact PI),n/a,83500.0,0.0,139167.0,104375.0,0.0,True,False,,93.0,,95.0,,95.0,,119
FY2021_FY2025,True,False,109.0,IPF578705,UNIVERSITY OF PUERTO RICO MED SCIENCES,Puerto Rico Medical Sciences,243119.0,1,1,0.0,0,0,1,NIH ORG_DEPT (contact PI),n/a,243119.0,0.0,243119.0,243119.0,0.0,False,False,,106.0,,95.0,,95.0,,119
FY2021_FY2025,True,False,110.0,IPF10034170,RBHS-ROBERT WOOD JOHNSON MEDICAL SCHOOL,Rutgers RWJ Medical School,66390.0,1,1,0.0,0,0,1,NIH ORG_DEPT (contact PI),n/a,66390.0,0.0,66390.0,66390.0,0.0,False,False,,106.0,,95.0,,95.0,,119
FY2021_FY2025,True,False,111.0,IPF130401,UNIVERSITY OF SOUTH ALABAMA,University of South Alabama,1.0,1,1,0.0,0,0,1,NIH ORG_DEPT (contact PI),n/a,1.0,0.0,1.0,1.0,0.0,False,False,,106.0,,95.0,,95.0,,119
FY2021_FY2025,True,True,112.0,MEEI,Mass Eye and Ear,Mass Eye and Ear,0.0,0,0,0.0,0,0,0,Reconstructed from publication affiliations (lower bound),corroborated,,,,,,False,False,,112.0,,95.0,,95.0,,119
FY2021_FY2025,True,True,112.0,IPF4155008,Feinstein Institutes for Medical Research,Feinstein Institutes for Medical Research,0.0,0,0,0.0,0,0,0,Reconstructed from publication affiliations (lower bound),corroborated,,,,,,False,False,,112.0,,95.0,,95.0,,119
FY2021_FY2025,True,True,112.0,IPF3736101,Moffitt Cancer Center,Moffitt Cancer Center,0.0,0,0,0.0,0,0,0,Reconstructed from publication affiliations (lower bound),corroborated,,,,,,False,False,,112.0,,95.0,,95.0,,119
FY2021_FY2025,True,True,112.0,DFCI,Dana-Farber Cancer Institute,Dana-Farber Cancer Institute,0.0,0,0,0.0,0,0,0,Reconstructed from publication affiliations (lower bound),corroborated,,,,,,False,False,,112.0,,95.0,,95.0,,119
FY2021_FY2025,True,True,112.0,IPF4976105,Mayo Clinic Jacksonville,Mayo Clinic Jacksonville,0.0,0,0,0.0,0,0,0,Reconstructed from publication affiliations (lower bound),corroborated,,,,,,False,False,,112.0,,95.0,,95.0,,119
FY2021_FY2025,True,True,112.0,IPF10068583,Fred Hutch,Fred Hutch,0.0,0,0,0.0,0,0,0,Reconstructed from publication affiliations (lower bound),corroborated,,,,,,False,False,,112.0,,95.0,,95.0,,119
FY2021_FY2025,True,True,112.0,IPF861001,Fred Hutch (pre-2022),Fred Hutch (pre-2022),0.0,0,0,0.0,0,0,0,Reconstructed from publication affiliations (lower bound),corroborated,,,,,,False,False,,112.0,,95.0,,95.0,,119
FY2021_FY2025,True,True,112.0,IPF1531401,Seattle Children's,Seattle Children's,0.0,0,0,0.0,0,0,0,Reconstructed from publication affiliations (lower bound),corroborated,,,,,,False,False,,112.0,,95.0,,95.0,,119
